symbol,date,sequence_id,detector,event
KEX,2025-11-13,SEQ_DISTRIBUTION_TOP,sequence,SEQ_DISTRIBUTION_TOP
KEY,2025-07-30,SEQ_DISTRIBUTION_TOP,sequence,SEQ_DISTRIBUTION_TOP
KEYS,2025-11-04,SEQ_DISTRIBUTION_TOP,sequence,SEQ_DISTRIBUTION_TOP
KFFB,2025-10-14,SEQ_DISTRIBUTION_TOP,sequence,SEQ_DISTRIBUTION_TOP
KFRC,2024-07-31,SEQ_DISTRIBUTION_TOP,sequence,SEQ_DISTRIBUTION_TOP
KFS,2024-11-11,SEQ_DISTRIBUTION_TOP,sequence,SEQ_DISTRIBUTION_TOP
KFY,2024-06-14,SEQ_DISTRIBUTION_TOP,sequence,SEQ_DISTRIBUTION_TOP
KGC,2025-09-24,SEQ_DISTRIBUTION_TOP,sequence,SEQ_DISTRIBUTION_TOP
KGEI,2025-03-05,SEQ_DISTRIBUTION_TOP,sequence,SEQ_DISTRIBUTION_TOP
KGRN,2024-10-03,SEQ_DISTRIBUTION_TOP,sequence,SEQ_DISTRIBUTION_TOP
KGS,2024-07-23,SEQ_DISTRIBUTION_TOP,sequence,SEQ_DISTRIBUTION_TOP
KHC,2025-07-15,SEQ_DISTRIBUTION_TOP,sequence,SEQ_DISTRIBUTION_TOP
KHYB,2025-09-23,SEQ_DISTRIBUTION_TOP,sequence,SEQ_DISTRIBUTION_TOP
KIDS,2025-03-13,SEQ_DISTRIBUTION_TOP,sequence,SEQ_DISTRIBUTION_TOP
KIE,2024-08-05,SEQ_DISTRIBUTION_TOP,sequence,SEQ_DISTRIBUTION_TOP
KINS,2025-05-12,SEQ_DISTRIBUTION_TOP,sequence,SEQ_DISTRIBUTION_TOP
KJAN,2025-07-21,SEQ_DISTRIBUTION_TOP,sequence,SEQ_DISTRIBUTION_TOP
KJUN,2025-02-21,SEQ_DISTRIBUTION_TOP,sequence,SEQ_DISTRIBUTION_TOP
KKR,2025-11-17,SEQ_DISTRIBUTION_TOP,sequence,SEQ_DISTRIBUTION_TOP
KLAC,2025-04-10,SEQ_DISTRIBUTION_TOP,sequence,SEQ_DISTRIBUTION_TOP
KLMT,2025-09-29,SEQ_DISTRIBUTION_TOP,sequence,SEQ_DISTRIBUTION_TOP
KLRS,2025-12-19,SEQ_DISTRIBUTION_TOP,sequence,SEQ_DISTRIBUTION_TOP
KLTO,2025-06-11,SEQ_DISTRIBUTION_TOP,sequence,SEQ_DISTRIBUTION_TOP
KLTR,2024-06-11,SEQ_RECOVERY,sequence,SEQ_RECOVERY
KLTR,2025-09-19,SEQ_DISTRIBUTION_TOP,sequence,SEQ_DISTRIBUTION_TOP
KLXE,2025-06-16,SEQ_DISTRIBUTION_TOP,sequence,SEQ_DISTRIBUTION_TOP
KLXY,2025-09-04,SEQ_DISTRIBUTION_TOP,sequence,SEQ_DISTRIBUTION_TOP
KMAR,2025-11-20,SEQ_DISTRIBUTION_TOP,sequence,SEQ_DISTRIBUTION_TOP
KMDA,2025-07-11,SEQ_DISTRIBUTION_TOP,sequence,SEQ_DISTRIBUTION_TOP
KMI,2024-11-13,SEQ_DISTRIBUTION_TOP,sequence,SEQ_DISTRIBUTION_TOP
KMLM,2024-04-03,SEQ_DISTRIBUTION_TOP,sequence,SEQ_DISTRIBUTION_TOP
KMPR,2025-03-28,SEQ_DISTRIBUTION_TOP,sequence,SEQ_DISTRIBUTION_TOP
KMT,2024-11-07,SEQ_DISTRIBUTION_TOP,sequence,SEQ_DISTRIBUTION_TOP
KMTS,2025-09-19,SEQ_DISTRIBUTION_TOP,sequence,SEQ_DISTRIBUTION_TOP
KMX,2025-06-23,SEQ_DISTRIBUTION_TOP,sequence,SEQ_DISTRIBUTION_TOP
KN,2025-10-24,SEQ_DISTRIBUTION_TOP,sequence,SEQ_DISTRIBUTION_TOP
KNDI,2025-03-07,SEQ_DISTRIBUTION_TOP,sequence,SEQ_DISTRIBUTION_TOP
KNGZ,2025-07-07,SEQ_DISTRIBUTION_TOP,sequence,SEQ_DISTRIBUTION_TOP
KNOP,2025-09-03,SEQ_DISTRIBUTION_TOP,sequence,SEQ_DISTRIBUTION_TOP
KNOV,2025-10-28,SEQ_DISTRIBUTION_TOP,sequence,SEQ_DISTRIBUTION_TOP
KNSA,2025-10-29,SEQ_DISTRIBUTION_TOP,sequence,SEQ_DISTRIBUTION_TOP
KNSL,2025-10-15,SEQ_DISTRIBUTION_TOP,sequence,SEQ_DISTRIBUTION_TOP
KNTK,2024-11-11,SEQ_DISTRIBUTION_TOP,sequence,SEQ_DISTRIBUTION_TOP
KNX,2025-10-10,SEQ_DISTRIBUTION_TOP,sequence,SEQ_DISTRIBUTION_TOP
KO,2025-11-24,SEQ_DISTRIBUTION_TOP,sequence,SEQ_DISTRIBUTION_TOP
KOCT,2024-10-21,SEQ_DISTRIBUTION_TOP,sequence,SEQ_DISTRIBUTION_TOP
KOD,2025-09-23,SEQ_DISTRIBUTION_TOP,sequence,SEQ_DISTRIBUTION_TOP
KODK,2025-11-11,SEQ_DISTRIBUTION_TOP,sequence,SEQ_DISTRIBUTION_TOP
KOKU,2025-11-13,SEQ_DISTRIBUTION_TOP,sequence,SEQ_DISTRIBUTION_TOP
KOMP,2024-11-12,SEQ_DISTRIBUTION_TOP,sequence,SEQ_DISTRIBUTION_TOP
KOP,2024-02-29,SEQ_DISTRIBUTION_TOP,sequence,SEQ_DISTRIBUTION_TOP
KOPN,2025-10-16,SEQ_DISTRIBUTION_TOP,sequence,SEQ_DISTRIBUTION_TOP
KORE,2025-11-12,SEQ_DISTRIBUTION_TOP,sequence,SEQ_DISTRIBUTION_TOP
KORP,2024-08-15,SEQ_DISTRIBUTION_TOP,sequence,SEQ_DISTRIBUTION_TOP
KORU,2025-11-06,SEQ_DISTRIBUTION_TOP,sequence,SEQ_DISTRIBUTION_TOP
KOSS,2024-11-13,SEQ_DISTRIBUTION_TOP,sequence,SEQ_DISTRIBUTION_TOP
KPLT,2025-09-10,SEQ_DISTRIBUTION_TOP,sequence,SEQ_DISTRIBUTION_TOP
KPRX,2025-06-04,SEQ_DISTRIBUTION_TOP,sequence,SEQ_DISTRIBUTION_TOP
KPTI,2025-07-15,SEQ_DISTRIBUTION_TOP,sequence,SEQ_DISTRIBUTION_TOP
KR,2025-06-26,SEQ_DISTRIBUTION_TOP,sequence,SEQ_DISTRIBUTION_TOP
KRBN,2025-09-17,SEQ_DISTRIBUTION_TOP,sequence,SEQ_DISTRIBUTION_TOP
KRC,2025-07-30,SEQ_DISTRIBUTION_TOP,sequence,SEQ_DISTRIBUTION_TOP
KRE,2025-09-05,SEQ_DISTRIBUTION_TOP,sequence,SEQ_DISTRIBUTION_TOP
KREF,2024-07-24,SEQ_DISTRIBUTION_TOP,sequence,SEQ_DISTRIBUTION_TOP
KRG,2024-07-31,SEQ_DISTRIBUTION_TOP,sequence,SEQ_DISTRIBUTION_TOP
KRKR,2025-07-14,SEQ_DISTRIBUTION_TOP,sequence,SEQ_DISTRIBUTION_TOP
KRMD,2025-12-01,SEQ_DISTRIBUTION_TOP,sequence,SEQ_DISTRIBUTION_TOP
KRMN,2025-06-10,SEQ_DISTRIBUTION_TOP,sequence,SEQ_DISTRIBUTION_TOP
KRNT,2025-11-04,SEQ_DISTRIBUTION_TOP,sequence,SEQ_DISTRIBUTION_TOP
KRNT,2025-11-05,SEQ_MARKDOWN_START,sequence,SEQ_MARKDOWN_START
KRNY,2025-12-22,SEQ_DISTRIBUTION_TOP,sequence,SEQ_DISTRIBUTION_TOP
KRO,2024-11-07,SEQ_DISTRIBUTION_TOP,sequence,SEQ_DISTRIBUTION_TOP
KRO,2025-11-25,SEQ_RECOVERY,sequence,SEQ_RECOVERY
KROP,2025-08-28,SEQ_DISTRIBUTION_TOP,sequence,SEQ_DISTRIBUTION_TOP
KROS,2025-08-25,SEQ_DISTRIBUTION_TOP,sequence,SEQ_DISTRIBUTION_TOP
KRP,2025-09-19,SEQ_DISTRIBUTION_TOP,sequence,SEQ_DISTRIBUTION_TOP
KRRO,2025-09-08,SEQ_DISTRIBUTION_TOP,sequence,SEQ_DISTRIBUTION_TOP
KRT,2024-11-15,SEQ_DISTRIBUTION_TOP,sequence,SEQ_DISTRIBUTION_TOP
KRYS,2025-11-05,SEQ_DISTRIBUTION_TOP,sequence,SEQ_DISTRIBUTION_TOP
KSA,2025-09-24,SEQ_DISTRIBUTION_TOP,sequence,SEQ_DISTRIBUTION_TOP
KSCP,2025-10-07,SEQ_DISTRIBUTION_TOP,sequence,SEQ_DISTRIBUTION_TOP
KSEP,2025-07-07,SEQ_DISTRIBUTION_TOP,sequence,SEQ_DISTRIBUTION_TOP
KSS,2025-12-03,SEQ_DISTRIBUTION_TOP,sequence,SEQ_DISTRIBUTION_TOP
KSTR,2025-08-29,SEQ_DISTRIBUTION_TOP,sequence,SEQ_DISTRIBUTION_TOP
KT,2025-03-10,SEQ_DISTRIBUTION_TOP,sequence,SEQ_DISTRIBUTION_TOP
KTB,2025-07-09,SEQ_DISTRIBUTION_TOP,sequence,SEQ_DISTRIBUTION_TOP
KTCC,2025-05-21,SEQ_DISTRIBUTION_TOP,sequence,SEQ_DISTRIBUTION_TOP
KTEC,2025-08-27,SEQ_DISTRIBUTION_TOP,sequence,SEQ_DISTRIBUTION_TOP
KTOS,2025-07-01,SEQ_DISTRIBUTION_TOP,sequence,SEQ_DISTRIBUTION_TOP
KTTA,2025-12-01,SEQ_DISTRIBUTION_TOP,sequence,SEQ_DISTRIBUTION_TOP
KURA,2025-10-28,SEQ_DISTRIBUTION_TOP,sequence,SEQ_DISTRIBUTION_TOP
KURE,2024-10-08,SEQ_DISTRIBUTION_TOP,sequence,SEQ_DISTRIBUTION_TOP
KVHI,2024-12-17,SEQ_DISTRIBUTION_TOP,sequence,SEQ_DISTRIBUTION_TOP
KVUE,2025-02-24,SEQ_DISTRIBUTION_TOP,sequence,SEQ_DISTRIBUTION_TOP
KVYO,2024-05-09,SEQ_RECOVERY,sequence,SEQ_RECOVERY
KWEB,2025-07-21,SEQ_DISTRIBUTION_TOP,sequence,SEQ_DISTRIBUTION_TOP
KWR,2025-11-03,SEQ_DISTRIBUTION_TOP,sequence,SEQ_DISTRIBUTION_TOP
KWT,2024-09-10,SEQ_DISTRIBUTION_TOP,sequence,SEQ_DISTRIBUTION_TOP
KXI,2025-08-25,SEQ_DISTRIBUTION_TOP,sequence,SEQ_DISTRIBUTION_TOP
KXIN,2025-11-10,SEQ_DISTRIBUTION_TOP,sequence,SEQ_DISTRIBUTION_TOP
KYIV,2025-11-21,SEQ_RECOVERY,sequence,SEQ_RECOVERY
KYIV,2025-11-26,SEQ_DISTRIBUTION_TOP,sequence,SEQ_DISTRIBUTION_TOP
KYMR,2025-06-27,SEQ_DISTRIBUTION_TOP,sequence,SEQ_DISTRIBUTION_TOP
KYTX,2025-10-09,SEQ_DISTRIBUTION_TOP,sequence,SEQ_DISTRIBUTION_TOP
KZIA,2025-06-05,SEQ_DISTRIBUTION_TOP,sequence,SEQ_DISTRIBUTION_TOP
L,2024-06-03,SEQ_DISTRIBUTION_TOP,sequence,SEQ_DISTRIBUTION_TOP
LAB,2025-12-01,SEQ_DISTRIBUTION_TOP,sequence,SEQ_DISTRIBUTION_TOP
LABD,2024-12-20,SEQ_DISTRIBUTION_TOP,sequence,SEQ_DISTRIBUTION_TOP
LABU,2024-02-28,SEQ_DISTRIBUTION_TOP,sequence,SEQ_DISTRIBUTION_TOP
LAC,2025-10-06,SEQ_DISTRIBUTION_TOP,sequence,SEQ_DISTRIBUTION_TOP
LAD,2025-10-27,SEQ_DISTRIBUTION_TOP,sequence,SEQ_DISTRIBUTION_TOP
LAES,2025-10-15,SEQ_DISTRIBUTION_TOP,sequence,SEQ_DISTRIBUTION_TOP
LAKE,2025-10-10,SEQ_DISTRIBUTION_TOP,sequence,SEQ_DISTRIBUTION_TOP
LAMR,2025-11-13,SEQ_DISTRIBUTION_TOP,sequence,SEQ_DISTRIBUTION_TOP
LAND,2025-02-21,SEQ_DISTRIBUTION_TOP,sequence,SEQ_DISTRIBUTION_TOP
LANV,2025-07-24,SEQ_DISTRIBUTION_TOP,sequence,SEQ_DISTRIBUTION_TOP
LASE,2025-07-14,SEQ_DISTRIBUTION_TOP,sequence,SEQ_DISTRIBUTION_TOP
LASR,2025-08-13,SEQ_DISTRIBUTION_TOP,sequence,SEQ_DISTRIBUTION_TOP
LAUR,2025-11-13,SEQ_DISTRIBUTION_TOP,sequence,SEQ_DISTRIBUTION_TOP
LAW,2025-10-27,SEQ_DISTRIBUTION_TOP,sequence,SEQ_DISTRIBUTION_TOP
LAZ,2024-11-07,SEQ_DISTRIBUTION_TOP,sequence,SEQ_DISTRIBUTION_TOP
LAZR,2025-10-31,SEQ_DISTRIBUTION_TOP,sequence,SEQ_DISTRIBUTION_TOP
LB,2025-01-24,SEQ_DISTRIBUTION_TOP,sequence,SEQ_DISTRIBUTION_TOP
LBAY,2025-03-11,SEQ_DISTRIBUTION_TOP,sequence,SEQ_DISTRIBUTION_TOP
LBO,2024-11-07,SEQ_DISTRIBUTION_TOP,sequence,SEQ_DISTRIBUTION_TOP
LBRDA,2024-09-25,SEQ_DISTRIBUTION_TOP,sequence,SEQ_DISTRIBUTION_TOP
LBRDK,2024-09-25,SEQ_DISTRIBUTION_TOP,sequence,SEQ_DISTRIBUTION_TOP
LBRT,2025-10-22,SEQ_DISTRIBUTION_TOP,sequence,SEQ_DISTRIBUTION_TOP
LBRX,2025-12-10,SEQ_DISTRIBUTION_TOP,sequence,SEQ_DISTRIBUTION_TOP
LBTYB,2025-08-21,SEQ_DISTRIBUTION_TOP,sequence,SEQ_DISTRIBUTION_TOP
LC,2025-07-15,SEQ_DISTRIBUTION_TOP,sequence,SEQ_DISTRIBUTION_TOP
LCF,2024-06-13,SEQ_DISTRIBUTION_TOP,sequence,SEQ_DISTRIBUTION_TOP
LCFY,2025-04-30,SEQ_DISTRIBUTION_TOP,sequence,SEQ_DISTRIBUTION_TOP
LCID,2025-05-21,SEQ_DISTRIBUTION_TOP,sequence,SEQ_DISTRIBUTION_TOP
LCII,2025-11-20,SEQ_DISTRIBUTION_TOP,sequence,SEQ_DISTRIBUTION_TOP
LCNB,2025-12-17,SEQ_DISTRIBUTION_TOP,sequence,SEQ_DISTRIBUTION_TOP
LCR,2024-12-18,SEQ_DISTRIBUTION_TOP,sequence,SEQ_DISTRIBUTION_TOP
LCTX,2025-06-17,SEQ_DISTRIBUTION_TOP,sequence,SEQ_DISTRIBUTION_TOP
LCUT,2025-07-09,SEQ_DISTRIBUTION_TOP,sequence,SEQ_DISTRIBUTION_TOP
LDI,2025-09-18,SEQ_DISTRIBUTION_TOP,sequence,SEQ_DISTRIBUTION_TOP
LDOS,2025-08-14,SEQ_DISTRIBUTION_TOP,sequence,SEQ_DISTRIBUTION_TOP
LDWY,2025-11-06,SEQ_DISTRIBUTION_TOP,sequence,SEQ_DISTRIBUTION_TOP
LE,2025-06-06,SEQ_DISTRIBUTION_TOP,sequence,SEQ_DISTRIBUTION_TOP
LEA,2025-03-11,SEQ_DISTRIBUTION_TOP,sequence,SEQ_DISTRIBUTION_TOP
LECO,2025-11-04,SEQ_DISTRIBUTION_TOP,sequence,SEQ_DISTRIBUTION_TOP
LEDS,2025-05-16,SEQ_DISTRIBUTION_TOP,sequence,SEQ_DISTRIBUTION_TOP
LEE,2025-11-24,SEQ_DISTRIBUTION_TOP,sequence,SEQ_DISTRIBUTION_TOP
LEGH,2025-02-14,SEQ_DISTRIBUTION_TOP,sequence,SEQ_DISTRIBUTION_TOP
LEGN,2024-07-15,SEQ_DISTRIBUTION_TOP,sequence,SEQ_DISTRIBUTION_TOP
LEGT,2025-11-11,SEQ_DISTRIBUTION_TOP,sequence,SEQ_DISTRIBUTION_TOP
LEMB,2025-03-10,SEQ_DISTRIBUTION_TOP,sequence,SEQ_DISTRIBUTION_TOP
LEN,2024-11-26,SEQ_DISTRIBUTION_TOP,sequence,SEQ_DISTRIBUTION_TOP
LEN.B,2024-05-16,SEQ_DISTRIBUTION_TOP,sequence,SEQ_DISTRIBUTION_TOP
LENZ,2024-09-11,SEQ_DISTRIBUTION_TOP,sequence,SEQ_DISTRIBUTION_TOP
LESL,2025-12-03,SEQ_DISTRIBUTION_TOP,sequence,SEQ_DISTRIBUTION_TOP
LEU,2025-09-24,SEQ_DISTRIBUTION_TOP,sequence,SEQ_DISTRIBUTION_TOP
LEVI,2025-10-02,SEQ_DISTRIBUTION_TOP,sequence,SEQ_DISTRIBUTION_TOP
LEXI,2024-12-18,SEQ_DISTRIBUTION_TOP,sequence,SEQ_DISTRIBUTION_TOP
LEXX,2025-08-26,SEQ_DISTRIBUTION_TOP,sequence,SEQ_DISTRIBUTION_TOP
LFCR,2025-12-18,SEQ_DISTRIBUTION_TOP,sequence,SEQ_DISTRIBUTION_TOP
LFMD,2025-08-06,SEQ_DISTRIBUTION_TOP,sequence,SEQ_DISTRIBUTION_TOP
LFST,2025-08-08,SEQ_RECOVERY,sequence,SEQ_RECOVERY
LFT,2025-12-12,SEQ_DISTRIBUTION_TOP,sequence,SEQ_DISTRIBUTION_TOP
LFUS,2025-08-01,SEQ_DISTRIBUTION_TOP,sequence,SEQ_DISTRIBUTION_TOP
LFVN,2025-01-15,SEQ_DISTRIBUTION_TOP,sequence,SEQ_DISTRIBUTION_TOP
LFWD,2025-09-25,SEQ_DISTRIBUTION_TOP,sequence,SEQ_DISTRIBUTION_TOP
LGCB,2024-06-13,SEQ_DISTRIBUTION_TOP,sequence,SEQ_DISTRIBUTION_TOP
LGCF,2025-09-22,SEQ_DISTRIBUTION_TOP,sequence,SEQ_DISTRIBUTION_TOP
LGCL,2025-06-24,SEQ_DISTRIBUTION_TOP,sequence,SEQ_DISTRIBUTION_TOP
LGCY,2025-09-26,SEQ_DISTRIBUTION_TOP,sequence,SEQ_DISTRIBUTION_TOP
LGHL,2025-12-10,SEQ_DISTRIBUTION_TOP,sequence,SEQ_DISTRIBUTION_TOP
LGL,2025-01-22,SEQ_DISTRIBUTION_TOP,sequence,SEQ_DISTRIBUTION_TOP
LGLV,2025-10-15,SEQ_DISTRIBUTION_TOP,sequence,SEQ_DISTRIBUTION_TOP
LGN,2025-11-17,SEQ_DISTRIBUTION_TOP,sequence,SEQ_DISTRIBUTION_TOP
LGND,2025-11-12,SEQ_DISTRIBUTION_TOP,sequence,SEQ_DISTRIBUTION_TOP
LGO,2025-10-15,SEQ_DISTRIBUTION_TOP,sequence,SEQ_DISTRIBUTION_TOP
LGVN,2025-07-09,SEQ_DISTRIBUTION_TOP,sequence,SEQ_DISTRIBUTION_TOP
LHAI,2025-12-22,SEQ_DISTRIBUTION_TOP,sequence,SEQ_DISTRIBUTION_TOP
LHSW,2025-09-22,SEQ_DISTRIBUTION_TOP,sequence,SEQ_DISTRIBUTION_TOP
LHX,2025-04-10,SEQ_DISTRIBUTION_TOP,sequence,SEQ_DISTRIBUTION_TOP
LI,2024-02-28,SEQ_DISTRIBUTION_TOP,sequence,SEQ_DISTRIBUTION_TOP
LIAE,2025-09-18,SEQ_DISTRIBUTION_TOP,sequence,SEQ_DISTRIBUTION_TOP
LIAM,2025-09-30,SEQ_DISTRIBUTION_TOP,sequence,SEQ_DISTRIBUTION_TOP
LIAU,2025-10-15,SEQ_DISTRIBUTION_TOP,sequence,SEQ_DISTRIBUTION_TOP
LIBD,2025-09-30,SEQ_DISTRIBUTION_TOP,sequence,SEQ_DISTRIBUTION_TOP
LICN,2025-12-08,SEQ_DISTRIBUTION_TOP,sequence,SEQ_DISTRIBUTION_TOP
LIDR,2024-12-30,SEQ_DISTRIBUTION_TOP,sequence,SEQ_DISTRIBUTION_TOP
LIEN,2025-06-27,SEQ_DISTRIBUTION_TOP,sequence,SEQ_DISTRIBUTION_TOP
LIF,2025-09-09,SEQ_DISTRIBUTION_TOP,sequence,SEQ_DISTRIBUTION_TOP
LILA,2025-02-14,SEQ_DISTRIBUTION_TOP,sequence,SEQ_DISTRIBUTION_TOP
LILAK,2025-11-07,SEQ_DISTRIBUTION_TOP,sequence,SEQ_DISTRIBUTION_TOP
LIMI,2025-07-16,SEQ_DISTRIBUTION_TOP,sequence,SEQ_DISTRIBUTION_TOP
LINC,2025-02-25,SEQ_DISTRIBUTION_TOP,sequence,SEQ_DISTRIBUTION_TOP
LIND,2025-08-07,SEQ_DISTRIBUTION_TOP,sequence,SEQ_DISTRIBUTION_TOP
LINE,2025-08-07,SEQ_DISTRIBUTION_TOP,sequence,SEQ_DISTRIBUTION_TOP
LINK,2025-09-25,SEQ_DISTRIBUTION_TOP,sequence,SEQ_DISTRIBUTION_TOP
LIT,2025-09-26,SEQ_DISTRIBUTION_TOP,sequence,SEQ_DISTRIBUTION_TOP
LITB,2025-09-09,SEQ_DISTRIBUTION_TOP,sequence,SEQ_DISTRIBUTION_TOP
LITE,2025-11-13,SEQ_DISTRIBUTION_TOP,sequence,SEQ_DISTRIBUTION_TOP
LITL,2025-07-11,SEQ_DISTRIBUTION_TOP,sequence,SEQ_DISTRIBUTION_TOP
LITM,2024-12-19,SEQ_DISTRIBUTION_TOP,sequence,SEQ_DISTRIBUTION_TOP
LITP,2025-09-29,SEQ_DISTRIBUTION_TOP,sequence,SEQ_DISTRIBUTION_TOP
LIVE,2025-04-16,SEQ_DISTRIBUTION_TOP,sequence,SEQ_DISTRIBUTION_TOP
LIVN,2025-11-17,SEQ_DISTRIBUTION_TOP,sequence,SEQ_DISTRIBUTION_TOP
LIXT,2025-07-07,SEQ_DISTRIBUTION_TOP,sequence,SEQ_DISTRIBUTION_TOP
LJAN,2025-01-27,SEQ_DISTRIBUTION_TOP,sequence,SEQ_DISTRIBUTION_TOP
LKFN,2024-07-10,SEQ_FAILED_ACCUM,sequence,SEQ_FAILED_ACCUM
LKQ,2025-11-03,SEQ_DISTRIBUTION_TOP,sequence,SEQ_DISTRIBUTION_TOP
LLDR,2025-07-03,SEQ_DISTRIBUTION_TOP,sequence,SEQ_DISTRIBUTION_TOP
LLY,2024-07-03,SEQ_DISTRIBUTION_TOP,sequence,SEQ_DISTRIBUTION_TOP
LLYVA,2025-07-29,SEQ_DISTRIBUTION_TOP,sequence,SEQ_DISTRIBUTION_TOP
LLYVK,2024-05-03,SEQ_RECOVERY,sequence,SEQ_RECOVERY
LLYVK,2024-11-13,SEQ_DISTRIBUTION_TOP,sequence,SEQ_DISTRIBUTION_TOP
LMAT,2025-09-03,SEQ_DISTRIBUTION_TOP,sequence,SEQ_DISTRIBUTION_TOP
LMB,2024-11-11,SEQ_DISTRIBUTION_TOP,sequence,SEQ_DISTRIBUTION_TOP
LMBO,2024-11-13,SEQ_DISTRIBUTION_TOP,sequence,SEQ_DISTRIBUTION_TOP
LMFA,2025-07-23,SEQ_DISTRIBUTION_TOP,sequence,SEQ_DISTRIBUTION_TOP
LMND,2025-11-06,SEQ_DISTRIBUTION_TOP,sequence,SEQ_DISTRIBUTION_TOP
LMNR,2025-06-11,SEQ_DISTRIBUTION_TOP,sequence,SEQ_DISTRIBUTION_TOP
LMT,2024-10-10,SEQ_DISTRIBUTION_TOP,sequence,SEQ_DISTRIBUTION_TOP
LMTL,2025-10-16,SEQ_DISTRIBUTION_TOP,sequence,SEQ_DISTRIBUTION_TOP
LMTS,2025-10-21,SEQ_RECOVERY,sequence,SEQ_RECOVERY
LNC,2025-08-01,SEQ_DISTRIBUTION_TOP,sequence,SEQ_DISTRIBUTION_TOP
LND,2025-07-02,SEQ_DISTRIBUTION_TOP,sequence,SEQ_DISTRIBUTION_TOP
LNG,2025-01-17,SEQ_DISTRIBUTION_TOP,sequence,SEQ_DISTRIBUTION_TOP
LNKB,2025-12-05,SEQ_DISTRIBUTION_TOP,sequence,SEQ_DISTRIBUTION_TOP
LNKS,2025-09-10,SEQ_DISTRIBUTION_TOP,sequence,SEQ_DISTRIBUTION_TOP
LNN,2024-11-07,SEQ_DISTRIBUTION_TOP,sequence,SEQ_DISTRIBUTION_TOP
LNSR,2025-01-29,SEQ_DISTRIBUTION_TOP,sequence,SEQ_DISTRIBUTION_TOP
LNT,2025-03-04,SEQ_DISTRIBUTION_TOP,sequence,SEQ_DISTRIBUTION_TOP
LNTH,2025-07-16,SEQ_DISTRIBUTION_TOP,sequence,SEQ_DISTRIBUTION_TOP
LNZA,2024-12-27,SEQ_DISTRIBUTION_TOP,sequence,SEQ_DISTRIBUTION_TOP
LOAN,2025-07-08,SEQ_DISTRIBUTION_TOP,sequence,SEQ_DISTRIBUTION_TOP
LOB,2024-11-07,SEQ_DISTRIBUTION_TOP,sequence,SEQ_DISTRIBUTION_TOP
LOBO,2025-10-17,SEQ_DISTRIBUTION_TOP,sequence,SEQ_DISTRIBUTION_TOP
LOCL,2025-07-29,SEQ_DISTRIBUTION_TOP,sequence,SEQ_DISTRIBUTION_TOP
LOCO,2025-06-23,SEQ_DISTRIBUTION_TOP,sequence,SEQ_DISTRIBUTION_TOP
LODE,2025-10-15,SEQ_DISTRIBUTION_TOP,sequence,SEQ_DISTRIBUTION_TOP
LODI,2025-07-15,SEQ_DISTRIBUTION_TOP,sequence,SEQ_DISTRIBUTION_TOP
LOGI,2025-01-22,SEQ_DISTRIBUTION_TOP,sequence,SEQ_DISTRIBUTION_TOP
LOMA,2025-10-14,SEQ_DISTRIBUTION_TOP,sequence,SEQ_DISTRIBUTION_TOP
LOOP,2024-07-26,SEQ_RECOVERY,sequence,SEQ_RECOVERY
LOOP,2024-08-22,SEQ_FAILED_ACCUM,sequence,SEQ_FAILED_ACCUM
LOOP,2025-06-03,SEQ_DISTRIBUTION_TOP,sequence,SEQ_DISTRIBUTION_TOP
LOPE,2024-11-11,SEQ_DISTRIBUTION_TOP,sequence,SEQ_DISTRIBUTION_TOP
LOT,2024-05-30,SEQ_DISTRIBUTION_TOP,sequence,SEQ_DISTRIBUTION_TOP
LOUP,2024-11-27,SEQ_DISTRIBUTION_TOP,sequence,SEQ_DISTRIBUTION_TOP
LOVE,2025-09-11,SEQ_DISTRIBUTION_TOP,sequence,SEQ_DISTRIBUTION_TOP
LOWV,2025-02-07,SEQ_DISTRIBUTION_TOP,sequence,SEQ_DISTRIBUTION_TOP
LPA,2025-05-27,SEQ_DISTRIBUTION_TOP,sequence,SEQ_DISTRIBUTION_TOP
LPLA,2024-11-14,SEQ_DISTRIBUTION_TOP,sequence,SEQ_DISTRIBUTION_TOP
LPRE,2025-07-21,SEQ_DISTRIBUTION_TOP,sequence,SEQ_DISTRIBUTION_TOP
LPRO,2024-03-26,SEQ_FAILED_ACCUM,sequence,SEQ_FAILED_ACCUM
LPSN,2025-06-27,SEQ_DISTRIBUTION_TOP,sequence,SEQ_DISTRIBUTION_TOP
LPX,2025-08-20,SEQ_DISTRIBUTION_TOP,sequence,SEQ_DISTRIBUTION_TOP
LQAI,2024-10-23,SEQ_DISTRIBUTION_TOP,sequence,SEQ_DISTRIBUTION_TOP
LQDA,2025-08-22,SEQ_DISTRIBUTION_TOP,sequence,SEQ_DISTRIBUTION_TOP
LQDB,2025-10-29,SEQ_DISTRIBUTION_TOP,sequence,SEQ_DISTRIBUTION_TOP
LQDH,2025-10-16,SEQ_DISTRIBUTION_TOP,sequence,SEQ_DISTRIBUTION_TOP
LQIG,2025-09-17,SEQ_DISTRIBUTION_TOP,sequence,SEQ_DISTRIBUTION_TOP
LQPE,2025-10-22,SEQ_DISTRIBUTION_TOP,sequence,SEQ_DISTRIBUTION_TOP
LRCU,2025-10-31,SEQ_DISTRIBUTION_TOP,sequence,SEQ_DISTRIBUTION_TOP
LRCX,2025-09-23,SEQ_DISTRIBUTION_TOP,sequence,SEQ_DISTRIBUTION_TOP
LRE,2025-08-07,SEQ_DISTRIBUTION_TOP,sequence,SEQ_DISTRIBUTION_TOP
LRGG,2024-12-10,SEQ_DISTRIBUTION_TOP,sequence,SEQ_DISTRIBUTION_TOP
LSAF,2024-07-18,SEQ_DISTRIBUTION_TOP,sequence,SEQ_DISTRIBUTION_TOP
LSAK,2024-09-13,SEQ_DISTRIBUTION_TOP,sequence,SEQ_DISTRIBUTION_TOP
LSAT,2024-07-17,SEQ_DISTRIBUTION_TOP,sequence,SEQ_DISTRIBUTION_TOP
LSBK,2025-07-21,SEQ_DISTRIBUTION_TOP,sequence,SEQ_DISTRIBUTION_TOP
LSCC,2025-08-19,SEQ_DISTRIBUTION_TOP,sequence,SEQ_DISTRIBUTION_TOP
LSEQ,2025-10-02,SEQ_DISTRIBUTION_TOP,sequence,SEQ_DISTRIBUTION_TOP
LSF,2025-05-16,SEQ_DISTRIBUTION_TOP,sequence,SEQ_DISTRIBUTION_TOP
LSPD,2025-11-07,SEQ_DISTRIBUTION_TOP,sequence,SEQ_DISTRIBUTION_TOP
LST,2025-09-23,SEQ_DISTRIBUTION_TOP,sequence,SEQ_DISTRIBUTION_TOP
LSTR,2025-10-10,SEQ_DISTRIBUTION_TOP,sequence,SEQ_DISTRIBUTION_TOP
LSVD,2025-09-24,SEQ_DISTRIBUTION_TOP,sequence,SEQ_DISTRIBUTION_TOP
LTBR,2025-09-24,SEQ_DISTRIBUTION_TOP,sequence,SEQ_DISTRIBUTION_TOP
LTC,2024-10-31,SEQ_DISTRIBUTION_TOP,sequence,SEQ_DISTRIBUTION_TOP
LTH,2024-05-02,SEQ_RECOVERY,sequence,SEQ_RECOVERY
LTH,2025-11-05,SEQ_DISTRIBUTION_TOP,sequence,SEQ_DISTRIBUTION_TOP
LTL,2025-02-21,SEQ_DISTRIBUTION_TOP,sequence,SEQ_DISTRIBUTION_TOP
LTM,2025-06-12,SEQ_DISTRIBUTION_TOP,sequence,SEQ_DISTRIBUTION_TOP
LTRN,2025-07-28,SEQ_DISTRIBUTION_TOP,sequence,SEQ_DISTRIBUTION_TOP
LTRX,2025-12-12,SEQ_DISTRIBUTION_TOP,sequence,SEQ_DISTRIBUTION_TOP
LU,2025-10-02,SEQ_DISTRIBUTION_TOP,sequence,SEQ_DISTRIBUTION_TOP
LUCD,2025-10-10,SEQ_DISTRIBUTION_TOP,sequence,SEQ_DISTRIBUTION_TOP
LUCK,2025-07-24,SEQ_DISTRIBUTION_TOP,sequence,SEQ_DISTRIBUTION_TOP
LUCY,2025-04-29,SEQ_DISTRIBUTION_TOP,sequence,SEQ_DISTRIBUTION_TOP
LUD,2025-09-11,SEQ_DISTRIBUTION_TOP,sequence,SEQ_DISTRIBUTION_TOP
LULU,2024-12-10,SEQ_DISTRIBUTION_TOP,sequence,SEQ_DISTRIBUTION_TOP
LUMN,2025-11-04,SEQ_DISTRIBUTION_TOP,sequence,SEQ_DISTRIBUTION_TOP
LUNG,2025-02-25,SEQ_DISTRIBUTION_TOP,sequence,SEQ_DISTRIBUTION_TOP
LUNR,2025-12-23,SEQ_DISTRIBUTION_TOP,sequence,SEQ_DISTRIBUTION_TOP
LUV,2025-07-17,SEQ_DISTRIBUTION_TOP,sequence,SEQ_DISTRIBUTION_TOP
LVHD,2024-08-05,SEQ_DISTRIBUTION_TOP,sequence,SEQ_DISTRIBUTION_TOP
LVLU,2025-11-14,SEQ_DISTRIBUTION_TOP,sequence,SEQ_DISTRIBUTION_TOP
LVO,2025-06-09,SEQ_DISTRIBUTION_TOP,sequence,SEQ_DISTRIBUTION_TOP
LVS,2025-11-14,SEQ_DISTRIBUTION_TOP,sequence,SEQ_DISTRIBUTION_TOP
LW,2025-10-10,SEQ_DISTRIBUTION_TOP,sequence,SEQ_DISTRIBUTION_TOP
LWAY,2025-08-25,SEQ_DISTRIBUTION_TOP,sequence,SEQ_DISTRIBUTION_TOP
LWLG,2025-08-29,SEQ_DISTRIBUTION_TOP,sequence,SEQ_DISTRIBUTION_TOP
LX,2025-03-20,SEQ_DISTRIBUTION_TOP,sequence,SEQ_DISTRIBUTION_TOP
LXEH,2025-08-04,SEQ_DISTRIBUTION_TOP,sequence,SEQ_DISTRIBUTION_TOP
LXEO,2025-03-26,SEQ_DISTRIBUTION_TOP,sequence,SEQ_DISTRIBUTION_TOP
LXFR,2024-10-31,SEQ_DISTRIBUTION_TOP,sequence,SEQ_DISTRIBUTION_TOP
LXRX,2025-10-10,SEQ_DISTRIBUTION_TOP,sequence,SEQ_DISTRIBUTION_TOP
LXU,2025-10-08,SEQ_DISTRIBUTION_TOP,sequence,SEQ_DISTRIBUTION_TOP
LYB,2024-03-06,SEQ_DISTRIBUTION_TOP,sequence,SEQ_DISTRIBUTION_TOP
LYEL,2025-12-15,SEQ_DISTRIBUTION_TOP,sequence,SEQ_DISTRIBUTION_TOP
LYFT,2025-08-19,SEQ_DISTRIBUTION_TOP,sequence,SEQ_DISTRIBUTION_TOP
LYRA,2025-04-29,SEQ_RECOVERY,sequence,SEQ_RECOVERY
LYRA,2025-10-07,SEQ_DISTRIBUTION_TOP,sequence,SEQ_DISTRIBUTION_TOP
LYTS,2025-08-25,SEQ_DISTRIBUTION_TOP,sequence,SEQ_DISTRIBUTION_TOP
LYV,2024-11-13,SEQ_DISTRIBUTION_TOP,sequence,SEQ_DISTRIBUTION_TOP
LZ,2025-01-29,SEQ_DISTRIBUTION_TOP,sequence,SEQ_DISTRIBUTION_TOP
LZM,2025-09-24,SEQ_DISTRIBUTION_TOP,sequence,SEQ_DISTRIBUTION_TOP
LZMH,2025-10-31,SEQ_DISTRIBUTION_TOP,sequence,SEQ_DISTRIBUTION_TOP
M,2025-12-03,SEQ_DISTRIBUTION_TOP,sequence,SEQ_DISTRIBUTION_TOP
MAGA,2024-11-07,SEQ_DISTRIBUTION_TOP,sequence,SEQ_DISTRIBUTION_TOP
MAGH,2025-11-21,SEQ_DISTRIBUTION_TOP,sequence,SEQ_DISTRIBUTION_TOP
MAGN,2025-02-25,SEQ_DISTRIBUTION_TOP,sequence,SEQ_DISTRIBUTION_TOP
MAGS,2025-09-02,SEQ_DISTRIBUTION_TOP,sequence,SEQ_DISTRIBUTION_TOP
MAGX,2024-07-08,SEQ_DISTRIBUTION_TOP,sequence,SEQ_DISTRIBUTION_TOP
MAIN,2025-08-15,SEQ_DISTRIBUTION_TOP,sequence,SEQ_DISTRIBUTION_TOP
MAKX,2025-08-20,SEQ_DISTRIBUTION_TOP,sequence,SEQ_DISTRIBUTION_TOP
MAMA,2025-12-10,SEQ_DISTRIBUTION_TOP,sequence,SEQ_DISTRIBUTION_TOP
MAMB,2024-06-28,SEQ_DISTRIBUTION_TOP,sequence,SEQ_DISTRIBUTION_TOP
MAMK,2025-10-02,SEQ_DISTRIBUTION_TOP,sequence,SEQ_DISTRIBUTION_TOP
MAMO,2025-12-04,SEQ_DISTRIBUTION_TOP,sequence,SEQ_DISTRIBUTION_TOP
MAN,2025-03-10,SEQ_DISTRIBUTION_TOP,sequence,SEQ_DISTRIBUTION_TOP
MANH,2024-07-25,SEQ_DISTRIBUTION_TOP,sequence,SEQ_DISTRIBUTION_TOP
MANU,2025-10-21,SEQ_DISTRIBUTION_TOP,sequence,SEQ_DISTRIBUTION_TOP
MAPP,2025-08-19,SEQ_DISTRIBUTION_TOP,sequence,SEQ_DISTRIBUTION_TOP
MAPS,2025-12-17,SEQ_DISTRIBUTION_TOP,sequence,SEQ_DISTRIBUTION_TOP
MAR,2025-11-10,SEQ_DISTRIBUTION_TOP,sequence,SEQ_DISTRIBUTION_TOP
MARA,2025-10-07,SEQ_DISTRIBUTION_TOP,sequence,SEQ_DISTRIBUTION_TOP
MARPS,2025-12-18,SEQ_DISTRIBUTION_TOP,sequence,SEQ_DISTRIBUTION_TOP
MARU,2025-10-28,SEQ_DISTRIBUTION_TOP,sequence,SEQ_DISTRIBUTION_TOP
MARZ,2025-09-25,SEQ_DISTRIBUTION_TOP,sequence,SEQ_DISTRIBUTION_TOP
MASI,2025-02-27,SEQ_DISTRIBUTION_TOP,sequence,SEQ_DISTRIBUTION_TOP
MASS,2025-09-26,SEQ_DISTRIBUTION_TOP,sequence,SEQ_DISTRIBUTION_TOP
MAT,2025-10-24,SEQ_DISTRIBUTION_TOP,sequence,SEQ_DISTRIBUTION_TOP
MATH,2025-07-31,SEQ_DISTRIBUTION_TOP,sequence,SEQ_DISTRIBUTION_TOP
MATV,2025-11-07,SEQ_DISTRIBUTION_TOP,sequence,SEQ_DISTRIBUTION_TOP
MATW,2025-11-17,SEQ_DISTRIBUTION_TOP,sequence,SEQ_DISTRIBUTION_TOP
MATX,2025-11-13,SEQ_DISTRIBUTION_TOP,sequence,SEQ_DISTRIBUTION_TOP
MAXI,2024-11-14,SEQ_DISTRIBUTION_TOP,sequence,SEQ_DISTRIBUTION_TOP
MAXN,2025-07-23,SEQ_DISTRIBUTION_TOP,sequence,SEQ_DISTRIBUTION_TOP
MAYP,2024-12-27,SEQ_DISTRIBUTION_TOP,sequence,SEQ_DISTRIBUTION_TOP
MAYU,2024-10-25,SEQ_DISTRIBUTION_TOP,sequence,SEQ_DISTRIBUTION_TOP
MAYZ,2024-09-25,SEQ_DISTRIBUTION_TOP,sequence,SEQ_DISTRIBUTION_TOP
MAZE,2025-09-12,SEQ_DISTRIBUTION_TOP,sequence,SEQ_DISTRIBUTION_TOP
MBAV,2025-06-03,SEQ_DISTRIBUTION_TOP,sequence,SEQ_DISTRIBUTION_TOP
MBBB,2024-04-02,SEQ_DISTRIBUTION_TOP,sequence,SEQ_DISTRIBUTION_TOP
MBC,2025-08-07,SEQ_DISTRIBUTION_TOP,sequence,SEQ_DISTRIBUTION_TOP
MBCN,2025-08-25,SEQ_DISTRIBUTION_TOP,sequence,SEQ_DISTRIBUTION_TOP
MBI,2025-09-05,SEQ_DISTRIBUTION_TOP,sequence,SEQ_DISTRIBUTION_TOP
MBIN,2024-07-30,SEQ_DISTRIBUTION_TOP,sequence,SEQ_DISTRIBUTION_TOP
MBIN,2025-05-02,SEQ_FAILED_ACCUM,sequence,SEQ_FAILED_ACCUM
MBINM,2024-09-13,SEQ_DISTRIBUTION_TOP,sequence,SEQ_DISTRIBUTION_TOP
MBINN,2024-06-10,SEQ_DISTRIBUTION_TOP,sequence,SEQ_DISTRIBUTION_TOP
MBIO,2025-07-08,SEQ_DISTRIBUTION_TOP,sequence,SEQ_DISTRIBUTION_TOP
MBLY,2025-06-25,SEQ_DISTRIBUTION_TOP,sequence,SEQ_DISTRIBUTION_TOP
MBND,2024-07-22,SEQ_DISTRIBUTION_TOP,sequence,SEQ_DISTRIBUTION_TOP
MBNE,2025-10-31,SEQ_DISTRIBUTION_TOP,sequence,SEQ_DISTRIBUTION_TOP
MBOT,2025-12-05,SEQ_DISTRIBUTION_TOP,sequence,SEQ_DISTRIBUTION_TOP
MBRX,2024-11-15,SEQ_DISTRIBUTION_TOP,sequence,SEQ_DISTRIBUTION_TOP
MBSF,2025-11-25,SEQ_DISTRIBUTION_TOP,sequence,SEQ_DISTRIBUTION_TOP
MBUU,2025-08-28,SEQ_DISTRIBUTION_TOP,sequence,SEQ_DISTRIBUTION_TOP
MBWM,2024-11-07,SEQ_DISTRIBUTION_TOP,sequence,SEQ_DISTRIBUTION_TOP
MBX,2025-07-31,SEQ_DISTRIBUTION_TOP,sequence,SEQ_DISTRIBUTION_TOP
MC,2025-02-07,SEQ_DISTRIBUTION_TOP,sequence,SEQ_DISTRIBUTION_TOP
MCBS,2024-11-07,SEQ_DISTRIBUTION_TOP,sequence,SEQ_DISTRIBUTION_TOP
MCD,2025-03-10,SEQ_DISTRIBUTION_TOP,sequence,SEQ_DISTRIBUTION_TOP
MCDS,2024-10-31,SEQ_DISTRIBUTION_TOP,sequence,SEQ_DISTRIBUTION_TOP
MCFT,2025-08-28,SEQ_DISTRIBUTION_TOP,sequence,SEQ_DISTRIBUTION_TOP
MCH,2024-10-03,SEQ_DISTRIBUTION_TOP,sequence,SEQ_DISTRIBUTION_TOP
MCHB,2025-12-11,SEQ_DISTRIBUTION_TOP,sequence,SEQ_DISTRIBUTION_TOP
MCHI,2024-10-08,SEQ_DISTRIBUTION_TOP,sequence,SEQ_DISTRIBUTION_TOP
MCHP,2025-12-12,SEQ_DISTRIBUTION_TOP,sequence,SEQ_DISTRIBUTION_TOP
MCHS,2025-12-17,SEQ_DISTRIBUTION_TOP,sequence,SEQ_DISTRIBUTION_TOP
MCHX,2024-12-11,SEQ_DISTRIBUTION_TOP,sequence,SEQ_DISTRIBUTION_TOP
MCK,2025-04-04,SEQ_DISTRIBUTION_TOP,sequence,SEQ_DISTRIBUTION_TOP
MCRB,2025-11-20,SEQ_DISTRIBUTION_TOP,sequence,SEQ_DISTRIBUTION_TOP
MCRI,2025-02-18,SEQ_DISTRIBUTION_TOP,sequence,SEQ_DISTRIBUTION_TOP
MCS,2024-11-07,SEQ_DISTRIBUTION_TOP,sequence,SEQ_DISTRIBUTION_TOP
MCW,2025-03-04,SEQ_DISTRIBUTION_TOP,sequence,SEQ_DISTRIBUTION_TOP
MCW,2025-10-20,SEQ_RECOVERY,sequence,SEQ_RECOVERY
MCY,2024-08-02,SEQ_DISTRIBUTION_TOP,sequence,SEQ_DISTRIBUTION_TOP
MD,2025-11-20,SEQ_DISTRIBUTION_TOP,sequence,SEQ_DISTRIBUTION_TOP
MDAI,2025-10-16,SEQ_DISTRIBUTION_TOP,sequence,SEQ_DISTRIBUTION_TOP
MDB,2025-08-29,SEQ_DISTRIBUTION_TOP,sequence,SEQ_DISTRIBUTION_TOP
MDBH,2025-10-24,SEQ_DISTRIBUTION_TOP,sequence,SEQ_DISTRIBUTION_TOP
MDBX,2025-11-04,SEQ_DISTRIBUTION_TOP,sequence,SEQ_DISTRIBUTION_TOP
MDCX,2025-05-20,SEQ_DISTRIBUTION_TOP,sequence,SEQ_DISTRIBUTION_TOP
MDEV,2025-12-09,SEQ_DISTRIBUTION_TOP,sequence,SEQ_DISTRIBUTION_TOP
MDGL,2025-11-20,SEQ_DISTRIBUTION_TOP,sequence,SEQ_DISTRIBUTION_TOP
MDLZ,2025-07-09,SEQ_DISTRIBUTION_TOP,sequence,SEQ_DISTRIBUTION_TOP
MDRR,2025-08-27,SEQ_DISTRIBUTION_TOP,sequence,SEQ_DISTRIBUTION_TOP
MDST,2025-07-07,SEQ_DISTRIBUTION_TOP,sequence,SEQ_DISTRIBUTION_TOP
MDU,2025-11-13,SEQ_DISTRIBUTION_TOP,sequence,SEQ_DISTRIBUTION_TOP
MDV,2024-10-28,SEQ_DISTRIBUTION_TOP,sequence,SEQ_DISTRIBUTION_TOP
MDWD,2025-02-07,SEQ_DISTRIBUTION_TOP,sequence,SEQ_DISTRIBUTION_TOP
MDXG,2025-11-03,SEQ_DISTRIBUTION_TOP,sequence,SEQ_DISTRIBUTION_TOP
MDXH,2025-09-23,SEQ_DISTRIBUTION_TOP,sequence,SEQ_DISTRIBUTION_TOP
MDY,2025-09-17,SEQ_DISTRIBUTION_TOP,sequence,SEQ_DISTRIBUTION_TOP
MEC,2025-10-23,SEQ_DISTRIBUTION_TOP,sequence,SEQ_DISTRIBUTION_TOP
MED,2024-11-06,SEQ_DISTRIBUTION_TOP,sequence,SEQ_DISTRIBUTION_TOP
MEDP,2025-10-02,SEQ_DISTRIBUTION_TOP,sequence,SEQ_DISTRIBUTION_TOP
MEDX,2025-10-16,SEQ_DISTRIBUTION_TOP,sequence,SEQ_DISTRIBUTION_TOP
MEG,2025-02-28,SEQ_DISTRIBUTION_TOP,sequence,SEQ_DISTRIBUTION_TOP
MEGL,2025-12-09,SEQ_DISTRIBUTION_TOP,sequence,SEQ_DISTRIBUTION_TOP
MEI,2025-12-05,SEQ_DISTRIBUTION_TOP,sequence,SEQ_DISTRIBUTION_TOP
MEM,2025-01-27,SEQ_DISTRIBUTION_TOP,sequence,SEQ_DISTRIBUTION_TOP
MENS,2025-09-29,SEQ_DISTRIBUTION_TOP,sequence,SEQ_DISTRIBUTION_TOP
MEOH,2025-11-03,SEQ_DISTRIBUTION_TOP,sequence,SEQ_DISTRIBUTION_TOP
MERC,2025-07-29,SEQ_DISTRIBUTION_TOP,sequence,SEQ_DISTRIBUTION_TOP
MESO,2025-09-22,SEQ_DISTRIBUTION_TOP,sequence,SEQ_DISTRIBUTION_TOP
MET,2025-02-21,SEQ_DISTRIBUTION_TOP,sequence,SEQ_DISTRIBUTION_TOP
META,2025-02-18,SEQ_DISTRIBUTION_TOP,sequence,SEQ_DISTRIBUTION_TOP
METC,2025-07-16,SEQ_DISTRIBUTION_TOP,sequence,SEQ_DISTRIBUTION_TOP
METCB,2025-10-14,SEQ_DISTRIBUTION_TOP,sequence,SEQ_DISTRIBUTION_TOP
METCZ,2025-09-11,SEQ_DISTRIBUTION_TOP,sequence,SEQ_DISTRIBUTION_TOP
METD,2025-11-05,SEQ_DISTRIBUTION_TOP,sequence,SEQ_DISTRIBUTION_TOP
METU,2025-02-18,SEQ_DISTRIBUTION_TOP,sequence,SEQ_DISTRIBUTION_TOP
METV,2025-01-07,SEQ_DISTRIBUTION_TOP,sequence,SEQ_DISTRIBUTION_TOP
METW,2025-11-21,SEQ_FAILED_ACCUM,sequence,SEQ_FAILED_ACCUM
MEXX,2025-09-18,SEQ_DISTRIBUTION_TOP,sequence,SEQ_DISTRIBUTION_TOP
MFA,2025-02-21,SEQ_DISTRIBUTION_TOP,sequence,SEQ_DISTRIBUTION_TOP
MFEM,2025-09-23,SEQ_DISTRIBUTION_TOP,sequence,SEQ_DISTRIBUTION_TOP
MFG,2025-11-13,SEQ_DISTRIBUTION_TOP,sequence,SEQ_DISTRIBUTION_TOP
MFI,2025-06-06,SEQ_DISTRIBUTION_TOP,sequence,SEQ_DISTRIBUTION_TOP
MFIC,2024-06-04,SEQ_DISTRIBUTION_TOP,sequence,SEQ_DISTRIBUTION_TOP
MFICL,2024-12-10,SEQ_DISTRIBUTION_TOP,sequence,SEQ_DISTRIBUTION_TOP
MFLX,2024-09-18,SEQ_DISTRIBUTION_TOP,sequence,SEQ_DISTRIBUTION_TOP
MG,2025-11-11,SEQ_DISTRIBUTION_TOP,sequence,SEQ_DISTRIBUTION_TOP
MGC,2024-12-27,SEQ_DISTRIBUTION_TOP,sequence,SEQ_DISTRIBUTION_TOP
MGEE,2024-11-14,SEQ_DISTRIBUTION_TOP,sequence,SEQ_DISTRIBUTION_TOP
MGIC,2025-05-29,SEQ_DISTRIBUTION_TOP,sequence,SEQ_DISTRIBUTION_TOP
MGIH,2025-12-10,SEQ_DISTRIBUTION_TOP,sequence,SEQ_DISTRIBUTION_TOP
MGLD,2025-12-22,SEQ_DISTRIBUTION_TOP,sequence,SEQ_DISTRIBUTION_TOP
MGM,2025-02-14,SEQ_DISTRIBUTION_TOP,sequence,SEQ_DISTRIBUTION_TOP
MGMT,2024-10-18,SEQ_DISTRIBUTION_TOP,sequence,SEQ_DISTRIBUTION_TOP
MGNI,2025-09-22,SEQ_DISTRIBUTION_TOP,sequence,SEQ_DISTRIBUTION_TOP
MGPI,2025-12-15,SEQ_DISTRIBUTION_TOP,sequence,SEQ_DISTRIBUTION_TOP
MGRT,2025-12-18,SEQ_DISTRIBUTION_TOP,sequence,SEQ_DISTRIBUTION_TOP
MGRX,2025-09-02,SEQ_DISTRIBUTION_TOP,sequence,SEQ_DISTRIBUTION_TOP
MGTX,2025-03-14,SEQ_DISTRIBUTION_TOP,sequence,SEQ_DISTRIBUTION_TOP
MGV,2025-07-07,SEQ_DISTRIBUTION_TOP,sequence,SEQ_DISTRIBUTION_TOP
MGX,2025-09-26,SEQ_DISTRIBUTION_TOP,sequence,SEQ_DISTRIBUTION_TOP
MGY,2025-06-23,SEQ_DISTRIBUTION_TOP,sequence,SEQ_DISTRIBUTION_TOP
MGYR,2025-12-22,SEQ_DISTRIBUTION_TOP,sequence,SEQ_DISTRIBUTION_TOP
MHH,2025-05-13,SEQ_DISTRIBUTION_TOP,sequence,SEQ_DISTRIBUTION_TOP
MHK,2025-07-30,SEQ_DISTRIBUTION_TOP,sequence,SEQ_DISTRIBUTION_TOP
MI,2025-12-15,SEQ_DISTRIBUTION_TOP,sequence,SEQ_DISTRIBUTION_TOP
MIDD,2025-02-03,SEQ_DISTRIBUTION_TOP,sequence,SEQ_DISTRIBUTION_TOP
MIDE,2025-04-30,SEQ_RECOVERY,sequence,SEQ_RECOVERY
MIDE,2025-07-29,SEQ_DISTRIBUTION_TOP,sequence,SEQ_DISTRIBUTION_TOP
MIGI,2025-10-03,SEQ_DISTRIBUTION_TOP,sequence,SEQ_DISTRIBUTION_TOP
MILN,2025-09-10,SEQ_DISTRIBUTION_TOP,sequence,SEQ_DISTRIBUTION_TOP
MIND,2025-06-24,SEQ_DISTRIBUTION_TOP,sequence,SEQ_DISTRIBUTION_TOP
MINT,2025-10-14,SEQ_DISTRIBUTION_TOP,sequence,SEQ_DISTRIBUTION_TOP
MIR,2025-09-29,SEQ_DISTRIBUTION_TOP,sequence,SEQ_DISTRIBUTION_TOP
MIRA,2025-07-18,SEQ_DISTRIBUTION_TOP,sequence,SEQ_DISTRIBUTION_TOP
MIST,2025-12-12,SEQ_DISTRIBUTION_TOP,sequence,SEQ_DISTRIBUTION_TOP
MITK,2025-08-25,SEQ_DISTRIBUTION_TOP,sequence,SEQ_DISTRIBUTION_TOP
MITQ,2025-09-24,SEQ_DISTRIBUTION_TOP,sequence,SEQ_DISTRIBUTION_TOP
MJ,2025-12-15,SEQ_DISTRIBUTION_TOP,sequence,SEQ_DISTRIBUTION_TOP
MKAM,2025-10-07,SEQ_DISTRIBUTION_TOP,sequence,SEQ_DISTRIBUTION_TOP
MKC,2024-12-23,SEQ_DISTRIBUTION_TOP,sequence,SEQ_DISTRIBUTION_TOP
MKC.V,2025-11-19,SEQ_RECOVERY,sequence,SEQ_RECOVERY
MKL,2025-11-14,SEQ_DISTRIBUTION_TOP,sequence,SEQ_DISTRIBUTION_TOP
MKOR,2025-06-27,SEQ_DISTRIBUTION_TOP,sequence,SEQ_DISTRIBUTION_TOP
MKSI,2025-09-19,SEQ_DISTRIBUTION_TOP,sequence,SEQ_DISTRIBUTION_TOP
MKTW,2025-11-10,SEQ_DISTRIBUTION_TOP,sequence,SEQ_DISTRIBUTION_TOP
MKTX,2024-09-06,SEQ_DISTRIBUTION_TOP,sequence,SEQ_DISTRIBUTION_TOP
MLAB,2025-12-09,SEQ_DISTRIBUTION_TOP,sequence,SEQ_DISTRIBUTION_TOP
MLCO,2025-02-21,SEQ_DISTRIBUTION_TOP,sequence,SEQ_DISTRIBUTION_TOP
MLEC,2025-02-27,SEQ_DISTRIBUTION_TOP,sequence,SEQ_DISTRIBUTION_TOP
MLGO,2025-03-25,SEQ_DISTRIBUTION_TOP,sequence,SEQ_DISTRIBUTION_TOP
MLKN,2025-06-27,SEQ_DISTRIBUTION_TOP,sequence,SEQ_DISTRIBUTION_TOP
MLM,2024-11-01,SEQ_DISTRIBUTION_TOP,sequence,SEQ_DISTRIBUTION_TOP
MLN,2024-12-02,SEQ_DISTRIBUTION_TOP,sequence,SEQ_DISTRIBUTION_TOP
MLP,2024-11-07,SEQ_DISTRIBUTION_TOP,sequence,SEQ_DISTRIBUTION_TOP
MLPA,2025-11-17,SEQ_DISTRIBUTION_TOP,sequence,SEQ_DISTRIBUTION_TOP
MLPX,2024-11-07,SEQ_DISTRIBUTION_TOP,sequence,SEQ_DISTRIBUTION_TOP
MLR,2025-07-25,SEQ_DISTRIBUTION_TOP,sequence,SEQ_DISTRIBUTION_TOP
MLSS,2025-05-12,SEQ_DISTRIBUTION_TOP,sequence,SEQ_DISTRIBUTION_TOP
MLTX,2024-10-07,SEQ_DISTRIBUTION_TOP,sequence,SEQ_DISTRIBUTION_TOP
MLYS,2025-11-13,SEQ_DISTRIBUTION_TOP,sequence,SEQ_DISTRIBUTION_TOP
MMA,2024-08-27,SEQ_DISTRIBUTION_TOP,sequence,SEQ_DISTRIBUTION_TOP
MMI,2025-11-06,SEQ_DISTRIBUTION_TOP,sequence,SEQ_DISTRIBUTION_TOP
MMIN,2025-07-14,SEQ_DISTRIBUTION_TOP,sequence,SEQ_DISTRIBUTION_TOP
MMLP,2025-12-11,SEQ_DISTRIBUTION_TOP,sequence,SEQ_DISTRIBUTION_TOP
MMM,2025-10-24,SEQ_DISTRIBUTION_TOP,sequence,SEQ_DISTRIBUTION_TOP
MMSC,2025-09-23,SEQ_DISTRIBUTION_TOP,sequence,SEQ_DISTRIBUTION_TOP
MMSI,2025-11-18,SEQ_DISTRIBUTION_TOP,sequence,SEQ_DISTRIBUTION_TOP
MNBD,2024-06-07,SEQ_DISTRIBUTION_TOP,sequence,SEQ_DISTRIBUTION_TOP
MNDR,2025-11-24,SEQ_DISTRIBUTION_TOP,sequence,SEQ_DISTRIBUTION_TOP
MNDY,2025-02-27,SEQ_DISTRIBUTION_TOP,sequence,SEQ_DISTRIBUTION_TOP
MNKD,2025-11-06,SEQ_DISTRIBUTION_TOP,sequence,SEQ_DISTRIBUTION_TOP
MNMD,2025-10-20,SEQ_DISTRIBUTION_TOP,sequence,SEQ_DISTRIBUTION_TOP
MNOV,2025-11-03,SEQ_DISTRIBUTION_TOP,sequence,SEQ_DISTRIBUTION_TOP
MNPR,2025-10-07,SEQ_DISTRIBUTION_TOP,sequence,SEQ_DISTRIBUTION_TOP
MNRS,2025-10-16,SEQ_DISTRIBUTION_TOP,sequence,SEQ_DISTRIBUTION_TOP
MNSB,2025-04-03,SEQ_DISTRIBUTION_TOP,sequence,SEQ_DISTRIBUTION_TOP
MNSBP,2025-07-22,SEQ_DISTRIBUTION_TOP,sequence,SEQ_DISTRIBUTION_TOP
MNSO,2025-08-25,SEQ_DISTRIBUTION_TOP,sequence,SEQ_DISTRIBUTION_TOP
MNTK,2025-10-06,SEQ_DISTRIBUTION_TOP,sequence,SEQ_DISTRIBUTION_TOP
MNTN,2025-05-27,SEQ_DISTRIBUTION_TOP,sequence,SEQ_DISTRIBUTION_TOP
MNTS,2024-05-31,SEQ_DISTRIBUTION_TOP,sequence,SEQ_DISTRIBUTION_TOP
MNY,2025-12-05,SEQ_DISTRIBUTION_TOP,sequence,SEQ_DISTRIBUTION_TOP
MO,2025-08-22,SEQ_DISTRIBUTION_TOP,sequence,SEQ_DISTRIBUTION_TOP
MOB,2025-09-29,SEQ_DISTRIBUTION_TOP,sequence,SEQ_DISTRIBUTION_TOP
MOBX,2024-12-02,SEQ_DISTRIBUTION_TOP,sequence,SEQ_DISTRIBUTION_TOP
MOD,2025-08-01,SEQ_DISTRIBUTION_TOP,sequence,SEQ_DISTRIBUTION_TOP
MODD,2025-03-20,SEQ_RECOVERY,sequence,SEQ_RECOVERY
MODG,2025-11-17,SEQ_DISTRIBUTION_TOP,sequence,SEQ_DISTRIBUTION_TOP
MOFG,2025-10-27,SEQ_DISTRIBUTION_TOP,sequence,SEQ_DISTRIBUTION_TOP
MOGO,2025-05-05,SEQ_DISTRIBUTION_TOP,sequence,SEQ_DISTRIBUTION_TOP
MOGU,2025-07-09,SEQ_DISTRIBUTION_TOP,sequence,SEQ_DISTRIBUTION_TOP
MOH,2025-04-04,SEQ_DISTRIBUTION_TOP,sequence,SEQ_DISTRIBUTION_TOP
MOLN,2024-10-22,SEQ_DISTRIBUTION_TOP,sequence,SEQ_DISTRIBUTION_TOP
MOMO,2025-06-20,SEQ_DISTRIBUTION_TOP,sequence,SEQ_DISTRIBUTION_TOP
MOOD,2024-11-12,SEQ_DISTRIBUTION_TOP,sequence,SEQ_DISTRIBUTION_TOP
MORN,2025-07-01,SEQ_DISTRIBUTION_TOP,sequence,SEQ_DISTRIBUTION_TOP
MOTO,2025-09-25,SEQ_DISTRIBUTION_TOP,sequence,SEQ_DISTRIBUTION_TOP
MOV,2025-12-08,SEQ_DISTRIBUTION_TOP,sequence,SEQ_DISTRIBUTION_TOP
MOVE,2025-05-19,SEQ_DISTRIBUTION_TOP,sequence,SEQ_DISTRIBUTION_TOP
MP,2025-10-15,SEQ_DISTRIBUTION_TOP,sequence,SEQ_DISTRIBUTION_TOP
MPAA,2025-02-19,SEQ_DISTRIBUTION_TOP,sequence,SEQ_DISTRIBUTION_TOP
MPLX,2025-11-07,SEQ_DISTRIBUTION_TOP,sequence,SEQ_DISTRIBUTION_TOP
MPTI,2025-03-26,SEQ_DISTRIBUTION_TOP,sequence,SEQ_DISTRIBUTION_TOP
MPU,2025-12-02,SEQ_DISTRIBUTION_TOP,sequence,SEQ_DISTRIBUTION_TOP
MPW,2025-09-15,SEQ_DISTRIBUTION_TOP,sequence,SEQ_DISTRIBUTION_TOP
MPWR,2025-11-03,SEQ_DISTRIBUTION_TOP,sequence,SEQ_DISTRIBUTION_TOP
MQ,2024-11-06,SEQ_RECOVERY,sequence,SEQ_RECOVERY
MQ,2025-08-08,SEQ_DISTRIBUTION_TOP,sequence,SEQ_DISTRIBUTION_TOP
MRAL,2025-10-16,SEQ_DISTRIBUTION_TOP,sequence,SEQ_DISTRIBUTION_TOP
MRAM,2025-10-06,SEQ_DISTRIBUTION_TOP,sequence,SEQ_DISTRIBUTION_TOP
MRBK,2024-12-04,SEQ_DISTRIBUTION_TOP,sequence,SEQ_DISTRIBUTION_TOP
MRCP,2025-03-03,SEQ_DISTRIBUTION_TOP,sequence,SEQ_DISTRIBUTION_TOP
MRCY,2025-08-14,SEQ_DISTRIBUTION_TOP,sequence,SEQ_DISTRIBUTION_TOP
MREO,2025-10-21,SEQ_DISTRIBUTION_TOP,sequence,SEQ_DISTRIBUTION_TOP
MRGR,2025-06-24,SEQ_DISTRIBUTION_TOP,sequence,SEQ_DISTRIBUTION_TOP
MRK,2025-11-19,SEQ_DISTRIBUTION_TOP,sequence,SEQ_DISTRIBUTION_TOP
MRKR,2025-12-01,SEQ_DISTRIBUTION_TOP,sequence,SEQ_DISTRIBUTION_TOP
MRNA,2025-01-08,SEQ_DISTRIBUTION_TOP,sequence,SEQ_DISTRIBUTION_TOP
MRNO,2025-06-26,SEQ_DISTRIBUTION_TOP,sequence,SEQ_DISTRIBUTION_TOP
MRP,2025-07-31,SEQ_DISTRIBUTION_TOP,sequence,SEQ_DISTRIBUTION_TOP
MRSN,2025-10-17,SEQ_DISTRIBUTION_TOP,sequence,SEQ_DISTRIBUTION_TOP
MRT,2025-03-25,SEQ_DISTRIBUTION_TOP,sequence,SEQ_DISTRIBUTION_TOP
MRTN,2025-12-15,SEQ_DISTRIBUTION_TOP,sequence,SEQ_DISTRIBUTION_TOP
MRUS,2025-05-27,SEQ_DISTRIBUTION_TOP,sequence,SEQ_DISTRIBUTION_TOP
MRVL,2024-12-17,SEQ_DISTRIBUTION_TOP,sequence,SEQ_DISTRIBUTION_TOP
MRX,2025-04-10,SEQ_DISTRIBUTION_TOP,sequence,SEQ_DISTRIBUTION_TOP
MS,2025-07-31,SEQ_DISTRIBUTION_TOP,sequence,SEQ_DISTRIBUTION_TOP
MSAI,2025-10-24,SEQ_DISTRIBUTION_TOP,sequence,SEQ_DISTRIBUTION_TOP
MSB,2025-10-24,SEQ_DISTRIBUTION_TOP,sequence,SEQ_DISTRIBUTION_TOP
MSC,2025-07-02,SEQ_DISTRIBUTION_TOP,sequence,SEQ_DISTRIBUTION_TOP
MSCI,2025-10-29,SEQ_DISTRIBUTION_TOP,sequence,SEQ_DISTRIBUTION_TOP
MSDD,2025-11-18,SEQ_DISTRIBUTION_TOP,sequence,SEQ_DISTRIBUTION_TOP
MSDL,2024-10-29,SEQ_DISTRIBUTION_TOP,sequence,SEQ_DISTRIBUTION_TOP
MSFD,2025-04-09,SEQ_DISTRIBUTION_TOP,sequence,SEQ_DISTRIBUTION_TOP
MSFT,2025-04-10,SEQ_DISTRIBUTION_TOP,sequence,SEQ_DISTRIBUTION_TOP
MSFW,2025-10-10,SEQ_DISTRIBUTION_TOP,sequence,SEQ_DISTRIBUTION_TOP
MSGE,2025-10-02,SEQ_DISTRIBUTION_TOP,sequence,SEQ_DISTRIBUTION_TOP
MSGM,2025-04-15,SEQ_RECOVERY,sequence,SEQ_RECOVERY
MSGM,2025-04-21,SEQ_DISTRIBUTION_TOP,sequence,SEQ_DISTRIBUTION_TOP
MSGS,2025-07-01,SEQ_DISTRIBUTION_TOP,sequence,SEQ_DISTRIBUTION_TOP
MSI,2025-08-26,SEQ_DISTRIBUTION_TOP,sequence,SEQ_DISTRIBUTION_TOP
MSII,2025-08-04,SEQ_RECOVERY,sequence,SEQ_RECOVERY
MSLC,2025-09-02,SEQ_DISTRIBUTION_TOP,sequence,SEQ_DISTRIBUTION_TOP
MSM,2025-07-02,SEQ_DISTRIBUTION_TOP,sequence,SEQ_DISTRIBUTION_TOP
MSOS,2025-12-15,SEQ_DISTRIBUTION_TOP,sequence,SEQ_DISTRIBUTION_TOP
MSPR,2025-07-01,SEQ_DISTRIBUTION_TOP,sequence,SEQ_DISTRIBUTION_TOP
MSS,2025-12-23,SEQ_DISTRIBUTION_TOP,sequence,SEQ_DISTRIBUTION_TOP
MSTU,2024-11-13,SEQ_DISTRIBUTION_TOP,sequence,SEQ_DISTRIBUTION_TOP
MSTX,2024-11-21,SEQ_DISTRIBUTION_TOP,sequence,SEQ_DISTRIBUTION_TOP
MSTZ,2025-11-24,SEQ_DISTRIBUTION_TOP,sequence,SEQ_DISTRIBUTION_TOP
MT,2025-07-24,SEQ_DISTRIBUTION_TOP,sequence,SEQ_DISTRIBUTION_TOP
MTA,2025-09-03,SEQ_DISTRIBUTION_TOP,sequence,SEQ_DISTRIBUTION_TOP
MTB,2024-11-07,SEQ_DISTRIBUTION_TOP,sequence,SEQ_DISTRIBUTION_TOP
MTC,2025-11-07,SEQ_DISTRIBUTION_TOP,sequence,SEQ_DISTRIBUTION_TOP
MTCH,2024-08-01,SEQ_DISTRIBUTION_TOP,sequence,SEQ_DISTRIBUTION_TOP
MTD,2025-12-04,SEQ_DISTRIBUTION_TOP,sequence,SEQ_DISTRIBUTION_TOP
MTDR,2025-08-01,SEQ_DISTRIBUTION_TOP,sequence,SEQ_DISTRIBUTION_TOP
MTEK,2025-09-29,SEQ_DISTRIBUTION_TOP,sequence,SEQ_DISTRIBUTION_TOP
MTEN,2025-06-27,SEQ_DISTRIBUTION_TOP,sequence,SEQ_DISTRIBUTION_TOP
MTEX,2024-12-31,SEQ_DISTRIBUTION_TOP,sequence,SEQ_DISTRIBUTION_TOP
MTH,2024-07-31,SEQ_DISTRIBUTION_TOP,sequence,SEQ_DISTRIBUTION_TOP
MTLS,2025-10-07,SEQ_DISTRIBUTION_TOP,sequence,SEQ_DISTRIBUTION_TOP
MTN,2025-12-15,SEQ_DISTRIBUTION_TOP,sequence,SEQ_DISTRIBUTION_TOP
MTNB,2025-05-19,SEQ_DISTRIBUTION_TOP,sequence,SEQ_DISTRIBUTION_TOP
MTR,2025-06-20,SEQ_DISTRIBUTION_TOP,sequence,SEQ_DISTRIBUTION_TOP
MTRA,2025-08-22,SEQ_RECOVERY,sequence,SEQ_RECOVERY
MTRA,2025-09-02,SEQ_FAILED_ACCUM,sequence,SEQ_FAILED_ACCUM
MTRA,2025-09-03,SEQ_DISTRIBUTION_TOP,sequence,SEQ_DISTRIBUTION_TOP
MTRN,2025-08-01,SEQ_DISTRIBUTION_TOP,sequence,SEQ_DISTRIBUTION_TOP
MTRX,2025-05-09,SEQ_DISTRIBUTION_TOP,sequence,SEQ_DISTRIBUTION_TOP
MTSI,2024-11-08,SEQ_DISTRIBUTION_TOP,sequence,SEQ_DISTRIBUTION_TOP
MTVA,2025-09-16,SEQ_DISTRIBUTION_TOP,sequence,SEQ_DISTRIBUTION_TOP
MTW,2025-05-21,SEQ_DISTRIBUTION_TOP,sequence,SEQ_DISTRIBUTION_TOP
MTX,2025-07-28,SEQ_DISTRIBUTION_TOP,sequence,SEQ_DISTRIBUTION_TOP
MTZ,2025-08-05,SEQ_DISTRIBUTION_TOP,sequence,SEQ_DISTRIBUTION_TOP
MU,2024-04-04,SEQ_DISTRIBUTION_TOP,sequence,SEQ_DISTRIBUTION_TOP
MUD,2024-12-20,SEQ_DISTRIBUTION_TOP,sequence,SEQ_DISTRIBUTION_TOP
MUD,2025-12-18,SEQ_FAILED_ACCUM,sequence,SEQ_FAILED_ACCUM
MUFG,2025-03-10,SEQ_DISTRIBUTION_TOP,sequence,SEQ_DISTRIBUTION_TOP
MULL,2025-10-07,SEQ_DISTRIBUTION_TOP,sequence,SEQ_DISTRIBUTION_TOP
MUNI,2025-09-09,SEQ_DISTRIBUTION_TOP,sequence,SEQ_DISTRIBUTION_TOP
MUSA,2025-05-08,SEQ_DISTRIBUTION_TOP,sequence,SEQ_DISTRIBUTION_TOP
MUX,2025-09-04,SEQ_DISTRIBUTION_TOP,sequence,SEQ_DISTRIBUTION_TOP
MVAL,2025-10-16,SEQ_DISTRIBUTION_TOP,sequence,SEQ_DISTRIBUTION_TOP
MVBF,2025-12-11,SEQ_DISTRIBUTION_TOP,sequence,SEQ_DISTRIBUTION_TOP
MVFG,2024-10-07,SEQ_DISTRIBUTION_TOP,sequence,SEQ_DISTRIBUTION_TOP
MVFG,2025-11-07,SEQ_FAILED_ACCUM,sequence,SEQ_FAILED_ACCUM
MVIS,2025-02-20,SEQ_DISTRIBUTION_TOP,sequence,SEQ_DISTRIBUTION_TOP
MVO,2024-10-16,SEQ_DISTRIBUTION_TOP,sequence,SEQ_DISTRIBUTION_TOP
MVST,2025-10-17,SEQ_DISTRIBUTION_TOP,sequence,SEQ_DISTRIBUTION_TOP
MVV,2024-11-12,SEQ_DISTRIBUTION_TOP,sequence,SEQ_DISTRIBUTION_TOP
MWA,2025-02-07,SEQ_DISTRIBUTION_TOP,sequence,SEQ_DISTRIBUTION_TOP
MWG,2025-09-05,SEQ_DISTRIBUTION_TOP,sequence,SEQ_DISTRIBUTION_TOP
MWYN,2025-12-12,SEQ_DISTRIBUTION_TOP,sequence,SEQ_DISTRIBUTION_TOP
MX,2025-07-22,SEQ_DISTRIBUTION_TOP,sequence,SEQ_DISTRIBUTION_TOP
MX,2025-11-18,SEQ_FAILED_ACCUM,sequence,SEQ_FAILED_ACCUM
MXC,2025-09-30,SEQ_DISTRIBUTION_TOP,sequence,SEQ_DISTRIBUTION_TOP
MXL,2025-10-22,SEQ_DISTRIBUTION_TOP,sequence,SEQ_DISTRIBUTION_TOP
MYCI,2025-12-05,SEQ_DISTRIBUTION_TOP,sequence,SEQ_DISTRIBUTION_TOP
MYCJ,2025-04-08,SEQ_DISTRIBUTION_TOP,sequence,SEQ_DISTRIBUTION_TOP
MYCL,2025-10-30,SEQ_DISTRIBUTION_TOP,sequence,SEQ_DISTRIBUTION_TOP
MYE,2025-11-04,SEQ_DISTRIBUTION_TOP,sequence,SEQ_DISTRIBUTION_TOP
MYFW,2025-07-28,SEQ_DISTRIBUTION_TOP,sequence,SEQ_DISTRIBUTION_TOP
MYGN,2024-05-15,SEQ_DISTRIBUTION_TOP,sequence,SEQ_DISTRIBUTION_TOP
MYMG,2024-12-18,SEQ_DISTRIBUTION_TOP,sequence,SEQ_DISTRIBUTION_TOP
MYMH,2025-03-03,SEQ_DISTRIBUTION_TOP,sequence,SEQ_DISTRIBUTION_TOP
MYMJ,2025-12-18,SEQ_DISTRIBUTION_TOP,sequence,SEQ_DISTRIBUTION_TOP
MYND,2025-09-25,SEQ_DISTRIBUTION_TOP,sequence,SEQ_DISTRIBUTION_TOP
MYNZ,2025-07-22,SEQ_DISTRIBUTION_TOP,sequence,SEQ_DISTRIBUTION_TOP
MYO,2024-11-08,SEQ_DISTRIBUTION_TOP,sequence,SEQ_DISTRIBUTION_TOP
MYPS,2025-06-04,SEQ_DISTRIBUTION_TOP,sequence,SEQ_DISTRIBUTION_TOP
MYSZ,2025-06-30,SEQ_DISTRIBUTION_TOP,sequence,SEQ_DISTRIBUTION_TOP
MYY,2025-03-05,SEQ_DISTRIBUTION_TOP,sequence,SEQ_DISTRIBUTION_TOP
MZTI,2025-11-06,SEQ_DISTRIBUTION_TOP,sequence,SEQ_DISTRIBUTION_TOP
MZZ,2025-11-21,SEQ_DISTRIBUTION_TOP,sequence,SEQ_DISTRIBUTION_TOP
NA,2025-06-12,SEQ_DISTRIBUTION_TOP,sequence,SEQ_DISTRIBUTION_TOP
NAAS,2024-07-19,SEQ_DISTRIBUTION_TOP,sequence,SEQ_DISTRIBUTION_TOP
NABL,2025-11-07,SEQ_DISTRIBUTION_TOP,sequence,SEQ_DISTRIBUTION_TOP
NAII,2024-09-10,SEQ_DISTRIBUTION_TOP,sequence,SEQ_DISTRIBUTION_TOP
NAIL,2025-09-09,SEQ_DISTRIBUTION_TOP,sequence,SEQ_DISTRIBUTION_TOP
NAK,2025-10-15,SEQ_DISTRIBUTION_TOP,sequence,SEQ_DISTRIBUTION_TOP
NAKA,2025-08-12,SEQ_DISTRIBUTION_TOP,sequence,SEQ_DISTRIBUTION_TOP
NAMI,2025-12-15,SEQ_DISTRIBUTION_TOP,sequence,SEQ_DISTRIBUTION_TOP
NAMS,2025-10-16,SEQ_DISTRIBUTION_TOP,sequence,SEQ_DISTRIBUTION_TOP
NAT,2025-10-10,SEQ_DISTRIBUTION_TOP,sequence,SEQ_DISTRIBUTION_TOP
NATH,2025-02-14,SEQ_DISTRIBUTION_TOP,sequence,SEQ_DISTRIBUTION_TOP
NATL,2025-08-11,SEQ_DISTRIBUTION_TOP,sequence,SEQ_DISTRIBUTION_TOP
NATO,2025-04-09,SEQ_RECOVERY,sequence,SEQ_RECOVERY
NATR,2025-11-17,SEQ_DISTRIBUTION_TOP,sequence,SEQ_DISTRIBUTION_TOP
NAUT,2025-11-04,SEQ_DISTRIBUTION_TOP,sequence,SEQ_DISTRIBUTION_TOP
NAVI,2025-07-08,SEQ_DISTRIBUTION_TOP,sequence,SEQ_DISTRIBUTION_TOP
NB,2025-10-15,SEQ_DISTRIBUTION_TOP,sequence,SEQ_DISTRIBUTION_TOP
NBBK,2024-11-07,SEQ_DISTRIBUTION_TOP,sequence,SEQ_DISTRIBUTION_TOP
NBCE,2025-09-09,SEQ_DISTRIBUTION_TOP,sequence,SEQ_DISTRIBUTION_TOP
NBFC,2024-09-25,SEQ_DISTRIBUTION_TOP,sequence,SEQ_DISTRIBUTION_TOP
NBHC,2025-09-19,SEQ_DISTRIBUTION_TOP,sequence,SEQ_DISTRIBUTION_TOP
NBIS,2025-09-10,SEQ_DISTRIBUTION_TOP,sequence,SEQ_DISTRIBUTION_TOP
NBIX,2025-11-07,SEQ_DISTRIBUTION_TOP,sequence,SEQ_DISTRIBUTION_TOP
NBJP,2025-03-11,SEQ_DISTRIBUTION_TOP,sequence,SEQ_DISTRIBUTION_TOP
NBN,2024-09-27,SEQ_DISTRIBUTION_TOP,sequence,SEQ_DISTRIBUTION_TOP
NBR,2025-12-08,SEQ_DISTRIBUTION_TOP,sequence,SEQ_DISTRIBUTION_TOP
NBTB,2024-11-07,SEQ_DISTRIBUTION_TOP,sequence,SEQ_DISTRIBUTION_TOP
NBTR,2025-10-29,SEQ_DISTRIBUTION_TOP,sequence,SEQ_DISTRIBUTION_TOP
NBTX,2025-06-13,SEQ_DISTRIBUTION_TOP,sequence,SEQ_DISTRIBUTION_TOP
NBY,2025-12-23,SEQ_DISTRIBUTION_TOP,sequence,SEQ_DISTRIBUTION_TOP
NC,2025-07-01,SEQ_DISTRIBUTION_TOP,sequence,SEQ_DISTRIBUTION_TOP
NCI,2024-10-02,SEQ_DISTRIBUTION_TOP,sequence,SEQ_DISTRIBUTION_TOP
NCL,2025-09-22,SEQ_DISTRIBUTION_TOP,sequence,SEQ_DISTRIBUTION_TOP
NCLH,2025-07-07,SEQ_DISTRIBUTION_TOP,sequence,SEQ_DISTRIBUTION_TOP
NCNA,2025-10-08,SEQ_DISTRIBUTION_TOP,sequence,SEQ_DISTRIBUTION_TOP
NCNO,2025-12-04,SEQ_DISTRIBUTION_TOP,sequence,SEQ_DISTRIBUTION_TOP
NCPL,2025-07-08,SEQ_DISTRIBUTION_TOP,sequence,SEQ_DISTRIBUTION_TOP
NCRA,2025-03-24,SEQ_DISTRIBUTION_TOP,sequence,SEQ_DISTRIBUTION_TOP
NCSM,2025-09-03,SEQ_DISTRIBUTION_TOP,sequence,SEQ_DISTRIBUTION_TOP
NCTY,2025-04-01,SEQ_DISTRIBUTION_TOP,sequence,SEQ_DISTRIBUTION_TOP
NDIV,2025-07-14,SEQ_DISTRIBUTION_TOP,sequence,SEQ_DISTRIBUTION_TOP
NDLS,2025-01-28,SEQ_DISTRIBUTION_TOP,sequence,SEQ_DISTRIBUTION_TOP
NDOW,2025-01-31,SEQ_DISTRIBUTION_TOP,sequence,SEQ_DISTRIBUTION_TOP
NDRA,2024-08-27,SEQ_DISTRIBUTION_TOP,sequence,SEQ_DISTRIBUTION_TOP
NDVG,2025-10-02,SEQ_DISTRIBUTION_TOP,sequence,SEQ_DISTRIBUTION_TOP
NEAR,2025-08-01,SEQ_DISTRIBUTION_TOP,sequence,SEQ_DISTRIBUTION_TOP
NECB,2025-07-07,SEQ_DISTRIBUTION_TOP,sequence,SEQ_DISTRIBUTION_TOP
NEE,2025-10-28,SEQ_DISTRIBUTION_TOP,sequence,SEQ_DISTRIBUTION_TOP
NEGG,2025-08-15,SEQ_DISTRIBUTION_TOP,sequence,SEQ_DISTRIBUTION_TOP
NEM,2025-09-29,SEQ_DISTRIBUTION_TOP,sequence,SEQ_DISTRIBUTION_TOP
NEN,2024-09-05,SEQ_DISTRIBUTION_TOP,sequence,SEQ_DISTRIBUTION_TOP
NEO,2025-03-11,SEQ_FAILED_ACCUM,sequence,SEQ_FAILED_ACCUM
NEO,2025-09-03,SEQ_DISTRIBUTION_TOP,sequence,SEQ_DISTRIBUTION_TOP
NEON,2025-06-26,SEQ_DISTRIBUTION_TOP,sequence,SEQ_DISTRIBUTION_TOP
NEOV,2025-07-17,SEQ_DISTRIBUTION_TOP,sequence,SEQ_DISTRIBUTION_TOP
NEPH,2025-11-26,SEQ_DISTRIBUTION_TOP,sequence,SEQ_DISTRIBUTION_TOP
NERD,2024-12-18,SEQ_DISTRIBUTION_TOP,sequence,SEQ_DISTRIBUTION_TOP
NESR,2025-10-31,SEQ_DISTRIBUTION_TOP,sequence,SEQ_DISTRIBUTION_TOP
NET,2025-11-03,SEQ_DISTRIBUTION_TOP,sequence,SEQ_DISTRIBUTION_TOP
NEU,2024-09-10,SEQ_DISTRIBUTION_TOP,sequence,SEQ_DISTRIBUTION_TOP
NEUP,2025-10-07,SEQ_DISTRIBUTION_TOP,sequence,SEQ_DISTRIBUTION_TOP
NEWP,2025-12-12,SEQ_DISTRIBUTION_TOP,sequence,SEQ_DISTRIBUTION_TOP
NEWT,2024-11-13,SEQ_DISTRIBUTION_TOP,sequence,SEQ_DISTRIBUTION_TOP
NEWTH,2025-01-07,SEQ_DISTRIBUTION_TOP,sequence,SEQ_DISTRIBUTION_TOP
NEWTI,2024-11-18,SEQ_DISTRIBUTION_TOP,sequence,SEQ_DISTRIBUTION_TOP
NEXA,2025-12-12,SEQ_DISTRIBUTION_TOP,sequence,SEQ_DISTRIBUTION_TOP
NEXM,2025-10-15,SEQ_DISTRIBUTION_TOP,sequence,SEQ_DISTRIBUTION_TOP
NEXN,2025-06-20,SEQ_DISTRIBUTION_TOP,sequence,SEQ_DISTRIBUTION_TOP
NEXT,2025-07-21,SEQ_DISTRIBUTION_TOP,sequence,SEQ_DISTRIBUTION_TOP
NFBK,2024-11-07,SEQ_DISTRIBUTION_TOP,sequence,SEQ_DISTRIBUTION_TOP
NFE,2025-01-07,SEQ_DISTRIBUTION_TOP,sequence,SEQ_DISTRIBUTION_TOP
NFG,2025-07-31,SEQ_DISTRIBUTION_TOP,sequence,SEQ_DISTRIBUTION_TOP
NFGC,2025-12-23,SEQ_DISTRIBUTION_TOP,sequence,SEQ_DISTRIBUTION_TOP
NFLP,2024-11-04,SEQ_DISTRIBUTION_TOP,sequence,SEQ_DISTRIBUTION_TOP
NFLT,2025-02-19,SEQ_DISTRIBUTION_TOP,sequence,SEQ_DISTRIBUTION_TOP
NFLU,2025-04-10,SEQ_DISTRIBUTION_TOP,sequence,SEQ_DISTRIBUTION_TOP
NFLX,2024-10-23,SEQ_DISTRIBUTION_TOP,sequence,SEQ_DISTRIBUTION_TOP
NFTY,2024-08-07,SEQ_DISTRIBUTION_TOP,sequence,SEQ_DISTRIBUTION_TOP
NG,2025-10-02,SEQ_DISTRIBUTION_TOP,sequence,SEQ_DISTRIBUTION_TOP
NGD,2025-09-24,SEQ_DISTRIBUTION_TOP,sequence,SEQ_DISTRIBUTION_TOP
NGL,2025-11-13,SEQ_DISTRIBUTION_TOP,sequence,SEQ_DISTRIBUTION_TOP
NGNE,2025-10-10,SEQ_DISTRIBUTION_TOP,sequence,SEQ_DISTRIBUTION_TOP
NGS,2025-11-20,SEQ_DISTRIBUTION_TOP,sequence,SEQ_DISTRIBUTION_TOP
NGVC,2025-05-12,SEQ_DISTRIBUTION_TOP,sequence,SEQ_DISTRIBUTION_TOP
NHC,2025-12-02,SEQ_DISTRIBUTION_TOP,sequence,SEQ_DISTRIBUTION_TOP
NHTC,2025-11-07,SEQ_RECOVERY,sequence,SEQ_RECOVERY
NHYM,2025-11-28,SEQ_DISTRIBUTION_TOP,sequence,SEQ_DISTRIBUTION_TOP
NI,2025-07-23,SEQ_DISTRIBUTION_TOP,sequence,SEQ_DISTRIBUTION_TOP
NIC,2025-07-23,SEQ_DISTRIBUTION_TOP,sequence,SEQ_DISTRIBUTION_TOP
NICE,2024-11-15,SEQ_DISTRIBUTION_TOP,sequence,SEQ_DISTRIBUTION_TOP
NICE,2025-03-03,SEQ_FAILED_ACCUM,sequence,SEQ_FAILED_ACCUM
NIKL,2025-10-21,SEQ_DISTRIBUTION_TOP,sequence,SEQ_DISTRIBUTION_TOP
NINE,2025-06-20,SEQ_DISTRIBUTION_TOP,sequence,SEQ_DISTRIBUTION_TOP
NINE,2025-11-05,SEQ_FAILED_ACCUM,sequence,SEQ_FAILED_ACCUM
NIO,2025-08-25,SEQ_DISTRIBUTION_TOP,sequence,SEQ_DISTRIBUTION_TOP
NIPG,2025-07-02,SEQ_DISTRIBUTION_TOP,sequence,SEQ_DISTRIBUTION_TOP
NISN,2024-04-24,SEQ_DISTRIBUTION_TOP,sequence,SEQ_DISTRIBUTION_TOP
NITO,2025-09-26,SEQ_DISTRIBUTION_TOP,sequence,SEQ_DISTRIBUTION_TOP
NIU,2025-10-07,SEQ_DISTRIBUTION_TOP,sequence,SEQ_DISTRIBUTION_TOP
NIVF,2024-10-14,SEQ_DISTRIBUTION_TOP,sequence,SEQ_DISTRIBUTION_TOP
NIXX,2025-10-13,SEQ_DISTRIBUTION_TOP,sequence,SEQ_DISTRIBUTION_TOP
NJAN,2025-01-07,SEQ_DISTRIBUTION_TOP,sequence,SEQ_DISTRIBUTION_TOP
NJNK,2025-02-07,SEQ_DISTRIBUTION_TOP,sequence,SEQ_DISTRIBUTION_TOP
NJR,2025-12-01,SEQ_DISTRIBUTION_TOP,sequence,SEQ_DISTRIBUTION_TOP
NJUL,2024-07-11,SEQ_DISTRIBUTION_TOP,sequence,SEQ_DISTRIBUTION_TOP
NKE,2024-12-23,SEQ_DISTRIBUTION_TOP,sequence,SEQ_DISTRIBUTION_TOP
NKSH,2025-11-24,SEQ_DISTRIBUTION_TOP,sequence,SEQ_DISTRIBUTION_TOP
NKTR,2025-09-19,SEQ_DISTRIBUTION_TOP,sequence,SEQ_DISTRIBUTION_TOP
NKTX,2025-10-10,SEQ_DISTRIBUTION_TOP,sequence,SEQ_DISTRIBUTION_TOP
NL,2025-05-16,SEQ_DISTRIBUTION_TOP,sequence,SEQ_DISTRIBUTION_TOP
NLR,2025-10-16,SEQ_DISTRIBUTION_TOP,sequence,SEQ_DISTRIBUTION_TOP
NLY,2024-07-17,SEQ_DISTRIBUTION_TOP,sequence,SEQ_DISTRIBUTION_TOP
NMAX,2025-08-19,SEQ_DISTRIBUTION_TOP,sequence,SEQ_DISTRIBUTION_TOP
NMG,2025-10-14,SEQ_DISTRIBUTION_TOP,sequence,SEQ_DISTRIBUTION_TOP
NMIH,2025-11-06,SEQ_DISTRIBUTION_TOP,sequence,SEQ_DISTRIBUTION_TOP
NMM,2025-11-20,SEQ_DISTRIBUTION_TOP,sequence,SEQ_DISTRIBUTION_TOP
NMRA,2025-10-29,SEQ_DISTRIBUTION_TOP,sequence,SEQ_DISTRIBUTION_TOP
NMRK,2025-08-01,SEQ_DISTRIBUTION_TOP,sequence,SEQ_DISTRIBUTION_TOP
NMTC,2025-07-23,SEQ_DISTRIBUTION_TOP,sequence,SEQ_DISTRIBUTION_TOP
NNDM,2025-10-31,SEQ_DISTRIBUTION_TOP,sequence,SEQ_DISTRIBUTION_TOP
NNE,2025-10-08,SEQ_DISTRIBUTION_TOP,sequence,SEQ_DISTRIBUTION_TOP
NNI,2025-07-15,SEQ_DISTRIBUTION_TOP,sequence,SEQ_DISTRIBUTION_TOP
NNN,2025-07-15,SEQ_DISTRIBUTION_TOP,sequence,SEQ_DISTRIBUTION_TOP
NNNN,2025-06-27,SEQ_DISTRIBUTION_TOP,sequence,SEQ_DISTRIBUTION_TOP
NNOX,2025-12-01,SEQ_DISTRIBUTION_TOP,sequence,SEQ_DISTRIBUTION_TOP
NNVC,2025-11-04,SEQ_DISTRIBUTION_TOP,sequence,SEQ_DISTRIBUTION_TOP
NOA,2024-11-12,SEQ_DISTRIBUTION_TOP,sequence,SEQ_DISTRIBUTION_TOP
NOAH,2025-09-02,SEQ_DISTRIBUTION_TOP,sequence,SEQ_DISTRIBUTION_TOP
NOBL,2025-12-08,SEQ_DISTRIBUTION_TOP,sequence,SEQ_DISTRIBUTION_TOP
NOC,2025-10-30,SEQ_DISTRIBUTION_TOP,sequence,SEQ_DISTRIBUTION_TOP
NOCT,2025-10-03,SEQ_DISTRIBUTION_TOP,sequence,SEQ_DISTRIBUTION_TOP
NODK,2025-12-04,SEQ_DISTRIBUTION_TOP,sequence,SEQ_DISTRIBUTION_TOP
NOG,2024-12-02,SEQ_DISTRIBUTION_TOP,sequence,SEQ_DISTRIBUTION_TOP
NOK,2025-10-29,SEQ_DISTRIBUTION_TOP,sequence,SEQ_DISTRIBUTION_TOP
NOTE,2025-02-12,SEQ_DISTRIBUTION_TOP,sequence,SEQ_DISTRIBUTION_TOP
NOTV,2024-12-16,SEQ_DISTRIBUTION_TOP,sequence,SEQ_DISTRIBUTION_TOP
NOV,2025-02-06,SEQ_DISTRIBUTION_TOP,sequence,SEQ_DISTRIBUTION_TOP
NOVM,2025-11-13,SEQ_DISTRIBUTION_TOP,sequence,SEQ_DISTRIBUTION_TOP
NOVP,2025-02-20,SEQ_DISTRIBUTION_TOP,sequence,SEQ_DISTRIBUTION_TOP
NOVT,2025-11-04,SEQ_DISTRIBUTION_TOP,sequence,SEQ_DISTRIBUTION_TOP
NOVZ,2025-11-17,SEQ_DISTRIBUTION_TOP,sequence,SEQ_DISTRIBUTION_TOP
NOW,2024-12-27,SEQ_DISTRIBUTION_TOP,sequence,SEQ_DISTRIBUTION_TOP
NOWL,2025-10-31,SEQ_DISTRIBUTION_TOP,sequence,SEQ_DISTRIBUTION_TOP
NPCE,2025-11-20,SEQ_DISTRIBUTION_TOP,sequence,SEQ_DISTRIBUTION_TOP
NPK,2025-06-11,SEQ_DISTRIBUTION_TOP,sequence,SEQ_DISTRIBUTION_TOP
NPKI,2025-11-13,SEQ_DISTRIBUTION_TOP,sequence,SEQ_DISTRIBUTION_TOP
NPO,2025-11-04,SEQ_DISTRIBUTION_TOP,sequence,SEQ_DISTRIBUTION_TOP
NPWR,2025-10-16,SEQ_DISTRIBUTION_TOP,sequence,SEQ_DISTRIBUTION_TOP
NRC,2025-11-14,SEQ_DISTRIBUTION_TOP,sequence,SEQ_DISTRIBUTION_TOP
NRDS,2025-12-03,SEQ_DISTRIBUTION_TOP,sequence,SEQ_DISTRIBUTION_TOP
NRDY,2024-12-17,SEQ_DISTRIBUTION_TOP,sequence,SEQ_DISTRIBUTION_TOP
NREF,2024-06-04,SEQ_DISTRIBUTION_TOP,sequence,SEQ_DISTRIBUTION_TOP
NRES,2025-11-19,SEQ_DISTRIBUTION_TOP,sequence,SEQ_DISTRIBUTION_TOP
NRGV,2025-09-22,SEQ_DISTRIBUTION_TOP,sequence,SEQ_DISTRIBUTION_TOP
NRIM,2025-12-19,SEQ_DISTRIBUTION_TOP,sequence,SEQ_DISTRIBUTION_TOP
NRIX,2025-06-09,SEQ_DISTRIBUTION_TOP,sequence,SEQ_DISTRIBUTION_TOP
NRP,2024-11-12,SEQ_DISTRIBUTION_TOP,sequence,SEQ_DISTRIBUTION_TOP
NRSN,2025-06-20,SEQ_DISTRIBUTION_TOP,sequence,SEQ_DISTRIBUTION_TOP
NRT,2025-11-03,SEQ_DISTRIBUTION_TOP,sequence,SEQ_DISTRIBUTION_TOP
NRXP,2025-05-19,SEQ_DISTRIBUTION_TOP,sequence,SEQ_DISTRIBUTION_TOP
NRXS,2025-10-24,SEQ_DISTRIBUTION_TOP,sequence,SEQ_DISTRIBUTION_TOP
NSA,2025-03-04,SEQ_DISTRIBUTION_TOP,sequence,SEQ_DISTRIBUTION_TOP
NSC,2024-11-07,SEQ_DISTRIBUTION_TOP,sequence,SEQ_DISTRIBUTION_TOP
NSI,2024-04-04,SEQ_DISTRIBUTION_TOP,sequence,SEQ_DISTRIBUTION_TOP
NSP,2025-03-11,SEQ_DISTRIBUTION_TOP,sequence,SEQ_DISTRIBUTION_TOP
NSPR,2025-02-25,SEQ_DISTRIBUTION_TOP,sequence,SEQ_DISTRIBUTION_TOP
NSSC,2025-09-18,SEQ_DISTRIBUTION_TOP,sequence,SEQ_DISTRIBUTION_TOP
NSTS,2024-12-23,SEQ_DISTRIBUTION_TOP,sequence,SEQ_DISTRIBUTION_TOP
NTAP,2025-08-29,SEQ_DISTRIBUTION_TOP,sequence,SEQ_DISTRIBUTION_TOP
NTB,2025-11-04,SEQ_DISTRIBUTION_TOP,sequence,SEQ_DISTRIBUTION_TOP
NTCL,2025-05-07,SEQ_DISTRIBUTION_TOP,sequence,SEQ_DISTRIBUTION_TOP
NTCT,2024-03-15,SEQ_DISTRIBUTION_TOP,sequence,SEQ_DISTRIBUTION_TOP
NTCT,2024-03-18,SEQ_MARKDOWN_START,sequence,SEQ_MARKDOWN_START
NTES,2025-05-16,SEQ_DISTRIBUTION_TOP,sequence,SEQ_DISTRIBUTION_TOP
NTGR,2025-11-03,SEQ_DISTRIBUTION_TOP,sequence,SEQ_DISTRIBUTION_TOP
NTIC,2024-05-08,SEQ_DISTRIBUTION_TOP,sequence,SEQ_DISTRIBUTION_TOP
NTIP,2025-07-14,SEQ_DISTRIBUTION_TOP,sequence,SEQ_DISTRIBUTION_TOP
NTLA,2025-10-10,SEQ_DISTRIBUTION_TOP,sequence,SEQ_DISTRIBUTION_TOP
NTNX,2024-11-08,SEQ_DISTRIBUTION_TOP,sequence,SEQ_DISTRIBUTION_TOP
NTR,2025-09-25,SEQ_DISTRIBUTION_TOP,sequence,SEQ_DISTRIBUTION_TOP
NTRA,2025-11-13,SEQ_DISTRIBUTION_TOP,sequence,SEQ_DISTRIBUTION_TOP
NTRB,2025-07-03,SEQ_DISTRIBUTION_TOP,sequence,SEQ_DISTRIBUTION_TOP
NTRP,2025-10-27,SEQ_DISTRIBUTION_TOP,sequence,SEQ_DISTRIBUTION_TOP
NTRS,2024-10-25,SEQ_DISTRIBUTION_TOP,sequence,SEQ_DISTRIBUTION_TOP
NTST,2025-02-25,SEQ_RECOVERY,sequence,SEQ_RECOVERY
NTSX,2025-09-17,SEQ_DISTRIBUTION_TOP,sequence,SEQ_DISTRIBUTION_TOP
NTWK,2025-07-17,SEQ_DISTRIBUTION_TOP,sequence,SEQ_DISTRIBUTION_TOP
NTZ,2024-09-17,SEQ_DISTRIBUTION_TOP,sequence,SEQ_DISTRIBUTION_TOP
NU,2025-06-25,SEQ_DISTRIBUTION_TOP,sequence,SEQ_DISTRIBUTION_TOP
NUAI,2025-10-10,SEQ_DISTRIBUTION_TOP,sequence,SEQ_DISTRIBUTION_TOP
NUDV,2025-07-07,SEQ_DISTRIBUTION_TOP,sequence,SEQ_DISTRIBUTION_TOP
NUE,2025-11-03,SEQ_DISTRIBUTION_TOP,sequence,SEQ_DISTRIBUTION_TOP
NUGT,2025-10-17,SEQ_DISTRIBUTION_TOP,sequence,SEQ_DISTRIBUTION_TOP
NUKK,2025-05-22,SEQ_DISTRIBUTION_TOP,sequence,SEQ_DISTRIBUTION_TOP
NUKZ,2025-09-24,SEQ_DISTRIBUTION_TOP,sequence,SEQ_DISTRIBUTION_TOP
NULC,2024-09-17,SEQ_DISTRIBUTION_TOP,sequence,SEQ_DISTRIBUTION_TOP
NUS,2025-09-05,SEQ_DISTRIBUTION_TOP,sequence,SEQ_DISTRIBUTION_TOP
NUSA,2024-12-11,SEQ_DISTRIBUTION_TOP,sequence,SEQ_DISTRIBUTION_TOP
NUTX,2025-04-14,SEQ_DISTRIBUTION_TOP,sequence,SEQ_DISTRIBUTION_TOP
NUVB,2025-11-20,SEQ_DISTRIBUTION_TOP,sequence,SEQ_DISTRIBUTION_TOP
NVA,2025-10-15,SEQ_DISTRIBUTION_TOP,sequence,SEQ_DISTRIBUTION_TOP
NVAX,2025-08-08,SEQ_DISTRIBUTION_TOP,sequence,SEQ_DISTRIBUTION_TOP
NVCR,2025-10-07,SEQ_DISTRIBUTION_TOP,sequence,SEQ_DISTRIBUTION_TOP
NVCT,2025-10-30,SEQ_DISTRIBUTION_TOP,sequence,SEQ_DISTRIBUTION_TOP
NVD,2025-02-28,SEQ_DISTRIBUTION_TOP,sequence,SEQ_DISTRIBUTION_TOP
NVDA,2025-11-05,SEQ_DISTRIBUTION_TOP,sequence,SEQ_DISTRIBUTION_TOP
NVDD,2025-02-28,SEQ_DISTRIBUTION_TOP,sequence,SEQ_DISTRIBUTION_TOP
NVDG,2025-10-31,SEQ_DISTRIBUTION_TOP,sequence,SEQ_DISTRIBUTION_TOP
NVDL,2025-10-31,SEQ_DISTRIBUTION_TOP,sequence,SEQ_DISTRIBUTION_TOP
NVDQ,2025-01-28,SEQ_DISTRIBUTION_TOP,sequence,SEQ_DISTRIBUTION_TOP
NVDS,2025-02-28,SEQ_DISTRIBUTION_TOP,sequence,SEQ_DISTRIBUTION_TOP
NVDU,2025-10-31,SEQ_DISTRIBUTION_TOP,sequence,SEQ_DISTRIBUTION_TOP
NVDW,2024-11-22,SEQ_DISTRIBUTION_TOP,sequence,SEQ_DISTRIBUTION_TOP
NVDX,2025-10-10,SEQ_DISTRIBUTION_TOP,sequence,SEQ_DISTRIBUTION_TOP
NVEC,2024-08-01,SEQ_DISTRIBUTION_TOP,sequence,SEQ_DISTRIBUTION_TOP
NVGS,2025-04-07,SEQ_RECOVERY,sequence,SEQ_RECOVERY
NVGS,2025-11-07,SEQ_DISTRIBUTION_TOP,sequence,SEQ_DISTRIBUTION_TOP
NVII,2025-08-05,SEQ_DISTRIBUTION_TOP,sequence,SEQ_DISTRIBUTION_TOP
NVMI,2025-07-01,SEQ_DISTRIBUTION_TOP,sequence,SEQ_DISTRIBUTION_TOP
NVNI,2025-07-29,SEQ_DISTRIBUTION_TOP,sequence,SEQ_DISTRIBUTION_TOP
NVNO,2025-07-18,SEQ_DISTRIBUTION_TOP,sequence,SEQ_DISTRIBUTION_TOP
NVO,2024-07-03,SEQ_DISTRIBUTION_TOP,sequence,SEQ_DISTRIBUTION_TOP
NVO,2025-11-24,SEQ_FAILED_ACCUM,sequence,SEQ_FAILED_ACCUM
NVS,2025-10-09,SEQ_DISTRIBUTION_TOP,sequence,SEQ_DISTRIBUTION_TOP
NVT,2025-08-05,SEQ_DISTRIBUTION_TOP,sequence,SEQ_DISTRIBUTION_TOP
NVTS,2025-10-17,SEQ_DISTRIBUTION_TOP,sequence,SEQ_DISTRIBUTION_TOP
NVVE,2025-05-12,SEQ_DISTRIBUTION_TOP,sequence,SEQ_DISTRIBUTION_TOP
NVX,2025-10-08,SEQ_DISTRIBUTION_TOP,sequence,SEQ_DISTRIBUTION_TOP
NVYY,2025-08-13,SEQ_DISTRIBUTION_TOP,sequence,SEQ_DISTRIBUTION_TOP
NWBI,2024-11-07,SEQ_DISTRIBUTION_TOP,sequence,SEQ_DISTRIBUTION_TOP
NWE,2025-11-13,SEQ_DISTRIBUTION_TOP,sequence,SEQ_DISTRIBUTION_TOP
NWG,2025-03-04,SEQ_DISTRIBUTION_TOP,sequence,SEQ_DISTRIBUTION_TOP
NWGL,2025-06-20,SEQ_DISTRIBUTION_TOP,sequence,SEQ_DISTRIBUTION_TOP
NWL,2024-07-29,SEQ_DISTRIBUTION_TOP,sequence,SEQ_DISTRIBUTION_TOP
NWLG,2025-07-07,SEQ_DISTRIBUTION_TOP,sequence,SEQ_DISTRIBUTION_TOP
NWN,2025-03-04,SEQ_DISTRIBUTION_TOP,sequence,SEQ_DISTRIBUTION_TOP
NWS,2024-11-11,SEQ_DISTRIBUTION_TOP,sequence,SEQ_DISTRIBUTION_TOP
NWSA,2024-11-11,SEQ_DISTRIBUTION_TOP,sequence,SEQ_DISTRIBUTION_TOP
NWTG,2025-07-23,SEQ_DISTRIBUTION_TOP,sequence,SEQ_DISTRIBUTION_TOP
NXDR,2025-12-08,SEQ_DISTRIBUTION_TOP,sequence,SEQ_DISTRIBUTION_TOP
NXE,2025-10-15,SEQ_DISTRIBUTION_TOP,sequence,SEQ_DISTRIBUTION_TOP
NXL,2025-10-09,SEQ_DISTRIBUTION_TOP,sequence,SEQ_DISTRIBUTION_TOP
NXPI,2025-12-17,SEQ_DISTRIBUTION_TOP,sequence,SEQ_DISTRIBUTION_TOP
NXPL,2024-12-19,SEQ_DISTRIBUTION_TOP,sequence,SEQ_DISTRIBUTION_TOP
NXRT,2025-03-03,SEQ_DISTRIBUTION_TOP,sequence,SEQ_DISTRIBUTION_TOP
NXST,2024-11-08,SEQ_DISTRIBUTION_TOP,sequence,SEQ_DISTRIBUTION_TOP
NXT,2025-08-19,SEQ_DISTRIBUTION_TOP,sequence,SEQ_DISTRIBUTION_TOP
NXTC,2025-10-20,SEQ_DISTRIBUTION_TOP,sequence,SEQ_DISTRIBUTION_TOP
NXTE,2025-10-07,SEQ_DISTRIBUTION_TOP,sequence,SEQ_DISTRIBUTION_TOP
NXTG,2025-11-04,SEQ_DISTRIBUTION_TOP,sequence,SEQ_DISTRIBUTION_TOP
NXTT,2025-05-13,SEQ_DISTRIBUTION_TOP,sequence,SEQ_DISTRIBUTION_TOP
NXXT,2025-10-08,SEQ_DISTRIBUTION_TOP,sequence,SEQ_DISTRIBUTION_TOP
NYAX,2025-05-08,SEQ_DISTRIBUTION_TOP,sequence,SEQ_DISTRIBUTION_TOP
NYF,2025-07-07,SEQ_DISTRIBUTION_TOP,sequence,SEQ_DISTRIBUTION_TOP
NYT,2025-08-07,SEQ_DISTRIBUTION_TOP,sequence,SEQ_DISTRIBUTION_TOP
NZAC,2024-11-15,SEQ_DISTRIBUTION_TOP,sequence,SEQ_DISTRIBUTION_TOP
O,2025-07-15,SEQ_DISTRIBUTION_TOP,sequence,SEQ_DISTRIBUTION_TOP
OABI,2024-11-15,SEQ_DISTRIBUTION_TOP,sequence,SEQ_DISTRIBUTION_TOP
OAEM,2025-10-07,SEQ_DISTRIBUTION_TOP,sequence,SEQ_DISTRIBUTION_TOP
OAIM,2024-04-04,SEQ_DISTRIBUTION_TOP,sequence,SEQ_DISTRIBUTION_TOP
OALC,2024-06-03,SEQ_DISTRIBUTION_TOP,sequence,SEQ_DISTRIBUTION_TOP
OASC,2025-08-28,SEQ_DISTRIBUTION_TOP,sequence,SEQ_DISTRIBUTION_TOP
OBE,2025-02-25,SEQ_DISTRIBUTION_TOP,sequence,SEQ_DISTRIBUTION_TOP
OBIL,2025-10-29,SEQ_DISTRIBUTION_TOP,sequence,SEQ_DISTRIBUTION_TOP
OBIO,2025-10-17,SEQ_DISTRIBUTION_TOP,sequence,SEQ_DISTRIBUTION_TOP
OBK,2024-11-07,SEQ_DISTRIBUTION_TOP,sequence,SEQ_DISTRIBUTION_TOP
OBOR,2025-08-19,SEQ_DISTRIBUTION_TOP,sequence,SEQ_DISTRIBUTION_TOP
OBT,2025-12-22,SEQ_DISTRIBUTION_TOP,sequence,SEQ_DISTRIBUTION_TOP
OC,2025-09-09,SEQ_DISTRIBUTION_TOP,sequence,SEQ_DISTRIBUTION_TOP
OCC,2025-09-15,SEQ_DISTRIBUTION_TOP,sequence,SEQ_DISTRIBUTION_TOP
OCCI,2024-07-17,SEQ_DISTRIBUTION_TOP,sequence,SEQ_DISTRIBUTION_TOP
OCCIN,2024-10-02,SEQ_DISTRIBUTION_TOP,sequence,SEQ_DISTRIBUTION_TOP
OCFC,2024-11-07,SEQ_DISTRIBUTION_TOP,sequence,SEQ_DISTRIBUTION_TOP
OCG,2025-12-10,SEQ_DISTRIBUTION_TOP,sequence,SEQ_DISTRIBUTION_TOP
OCGN,2025-09-24,SEQ_DISTRIBUTION_TOP,sequence,SEQ_DISTRIBUTION_TOP
OCIO,2024-10-07,SEQ_DISTRIBUTION_TOP,sequence,SEQ_DISTRIBUTION_TOP
OCS,2025-12-08,SEQ_DISTRIBUTION_TOP,sequence,SEQ_DISTRIBUTION_TOP
OCSL,2025-11-17,SEQ_DISTRIBUTION_TOP,sequence,SEQ_DISTRIBUTION_TOP
OCTJ,2025-09-30,SEQ_DISTRIBUTION_TOP,sequence,SEQ_DISTRIBUTION_TOP
OCTP,2025-07-15,SEQ_DISTRIBUTION_TOP,sequence,SEQ_DISTRIBUTION_TOP
OCTZ,2024-05-02,SEQ_RECOVERY,sequence,SEQ_RECOVERY
OCTZ,2024-10-01,SEQ_DISTRIBUTION_TOP,sequence,SEQ_DISTRIBUTION_TOP
OCUL,2025-12-10,SEQ_DISTRIBUTION_TOP,sequence,SEQ_DISTRIBUTION_TOP
ODC,2025-06-10,SEQ_DISTRIBUTION_TOP,sequence,SEQ_DISTRIBUTION_TOP
ODD,2025-05-02,SEQ_DISTRIBUTION_TOP,sequence,SEQ_DISTRIBUTION_TOP
ODDS,2024-12-05,SEQ_DISTRIBUTION_TOP,sequence,SEQ_DISTRIBUTION_TOP
ODFL,2025-12-08,SEQ_DISTRIBUTION_TOP,sequence,SEQ_DISTRIBUTION_TOP
ODV,2025-09-24,SEQ_DISTRIBUTION_TOP,sequence,SEQ_DISTRIBUTION_TOP
ODYS,2025-06-30,SEQ_DISTRIBUTION_TOP,sequence,SEQ_DISTRIBUTION_TOP
OEC,2024-11-12,SEQ_DISTRIBUTION_TOP,sequence,SEQ_DISTRIBUTION_TOP
OEC,2025-08-07,SEQ_RECOVERY,sequence,SEQ_RECOVERY
OESX,2025-11-12,SEQ_DISTRIBUTION_TOP,sequence,SEQ_DISTRIBUTION_TOP
OFG,2024-07-24,SEQ_DISTRIBUTION_TOP,sequence,SEQ_DISTRIBUTION_TOP
OFIX,2025-08-14,SEQ_DISTRIBUTION_TOP,sequence,SEQ_DISTRIBUTION_TOP
OFS,2025-03-11,SEQ_DISTRIBUTION_TOP,sequence,SEQ_DISTRIBUTION_TOP
OFSSH,2025-01-22,SEQ_DISTRIBUTION_TOP,sequence,SEQ_DISTRIBUTION_TOP
OGE,2025-03-04,SEQ_DISTRIBUTION_TOP,sequence,SEQ_DISTRIBUTION_TOP
OGI,2025-12-18,SEQ_DISTRIBUTION_TOP,sequence,SEQ_DISTRIBUTION_TOP
OGIG,2024-11-15,SEQ_DISTRIBUTION_TOP,sequence,SEQ_DISTRIBUTION_TOP
OGN,2024-11-01,SEQ_DISTRIBUTION_TOP,sequence,SEQ_DISTRIBUTION_TOP
OGSP,2025-04-17,SEQ_RECOVERY,sequence,SEQ_RECOVERY
OHI,2024-05-03,SEQ_RECOVERY,sequence,SEQ_RECOVERY
OHI,2025-11-03,SEQ_DISTRIBUTION_TOP,sequence,SEQ_DISTRIBUTION_TOP
OI,2025-11-06,SEQ_DISTRIBUTION_TOP,sequence,SEQ_DISTRIBUTION_TOP
OIH,2024-11-15,SEQ_DISTRIBUTION_TOP,sequence,SEQ_DISTRIBUTION_TOP
OII,2025-07-25,SEQ_DISTRIBUTION_TOP,sequence,SEQ_DISTRIBUTION_TOP
OILT,2024-10-28,SEQ_DISTRIBUTION_TOP,sequence,SEQ_DISTRIBUTION_TOP
OIS,2025-10-31,SEQ_DISTRIBUTION_TOP,sequence,SEQ_DISTRIBUTION_TOP
OKE,2024-09-03,SEQ_DISTRIBUTION_TOP,sequence,SEQ_DISTRIBUTION_TOP
OKLL,2025-09-24,SEQ_DISTRIBUTION_TOP,sequence,SEQ_DISTRIBUTION_TOP
OKLO,2025-09-24,SEQ_DISTRIBUTION_TOP,sequence,SEQ_DISTRIBUTION_TOP
OKTA,2025-03-06,SEQ_DISTRIBUTION_TOP,sequence,SEQ_DISTRIBUTION_TOP
OKUR,2025-10-28,SEQ_DISTRIBUTION_TOP,sequence,SEQ_DISTRIBUTION_TOP
OLB,2025-04-28,SEQ_DISTRIBUTION_TOP,sequence,SEQ_DISTRIBUTION_TOP
OLLI,2024-12-18,SEQ_DISTRIBUTION_TOP,sequence,SEQ_DISTRIBUTION_TOP
OLMA,2025-09-08,SEQ_DISTRIBUTION_TOP,sequence,SEQ_DISTRIBUTION_TOP
OLN,2025-07-07,SEQ_DISTRIBUTION_TOP,sequence,SEQ_DISTRIBUTION_TOP
OLP,2024-11-07,SEQ_DISTRIBUTION_TOP,sequence,SEQ_DISTRIBUTION_TOP
OLPX,2025-12-17,SEQ_DISTRIBUTION_TOP,sequence,SEQ_DISTRIBUTION_TOP
OMAB,2025-12-05,SEQ_DISTRIBUTION_TOP,sequence,SEQ_DISTRIBUTION_TOP
OMC,2025-12-22,SEQ_DISTRIBUTION_TOP,sequence,SEQ_DISTRIBUTION_TOP
OMCL,2025-12-09,SEQ_DISTRIBUTION_TOP,sequence,SEQ_DISTRIBUTION_TOP
OMER,2024-11-15,SEQ_DISTRIBUTION_TOP,sequence,SEQ_DISTRIBUTION_TOP
OMEX,2025-10-15,SEQ_DISTRIBUTION_TOP,sequence,SEQ_DISTRIBUTION_TOP
OMF,2025-11-06,SEQ_DISTRIBUTION_TOP,sequence,SEQ_DISTRIBUTION_TOP
OMFL,2025-11-13,SEQ_DISTRIBUTION_TOP,sequence,SEQ_DISTRIBUTION_TOP
OMH,2025-09-11,SEQ_DISTRIBUTION_TOP,sequence,SEQ_DISTRIBUTION_TOP
ON,2025-06-11,SEQ_DISTRIBUTION_TOP,sequence,SEQ_DISTRIBUTION_TOP
ONB,2024-11-14,SEQ_DISTRIBUTION_TOP,sequence,SEQ_DISTRIBUTION_TOP
ONBPO,2024-09-11,SEQ_DISTRIBUTION_TOP,sequence,SEQ_DISTRIBUTION_TOP
ONC,2025-11-13,SEQ_DISTRIBUTION_TOP,sequence,SEQ_DISTRIBUTION_TOP
ONCO,2024-09-30,SEQ_DISTRIBUTION_TOP,sequence,SEQ_DISTRIBUTION_TOP
ONCY,2025-06-20,SEQ_DISTRIBUTION_TOP,sequence,SEQ_DISTRIBUTION_TOP
OND,2025-05-22,SEQ_DISTRIBUTION_TOP,sequence,SEQ_DISTRIBUTION_TOP
ONDS,2025-11-20,SEQ_DISTRIBUTION_TOP,sequence,SEQ_DISTRIBUTION_TOP
ONEO,2024-04-10,SEQ_DISTRIBUTION_TOP,sequence,SEQ_DISTRIBUTION_TOP
ONEQ,2024-12-10,SEQ_DISTRIBUTION_TOP,sequence,SEQ_DISTRIBUTION_TOP
ONFO,2024-12-04,SEQ_DISTRIBUTION_TOP,sequence,SEQ_DISTRIBUTION_TOP
ONIT,2025-03-24,SEQ_DISTRIBUTION_TOP,sequence,SEQ_DISTRIBUTION_TOP
ONL,2025-11-10,SEQ_DISTRIBUTION_TOP,sequence,SEQ_DISTRIBUTION_TOP
ONMD,2025-08-19,SEQ_DISTRIBUTION_TOP,sequence,SEQ_DISTRIBUTION_TOP
ONON,2025-02-07,SEQ_DISTRIBUTION_TOP,sequence,SEQ_DISTRIBUTION_TOP
ONTO,2025-08-20,SEQ_DISTRIBUTION_TOP,sequence,SEQ_DISTRIBUTION_TOP
OOMA,2025-12-09,SEQ_DISTRIBUTION_TOP,sequence,SEQ_DISTRIBUTION_TOP
OPAD,2025-09-02,SEQ_DISTRIBUTION_TOP,sequence,SEQ_DISTRIBUTION_TOP
OPAL,2025-09-29,SEQ_DISTRIBUTION_TOP,sequence,SEQ_DISTRIBUTION_TOP
OPBK,2025-12-19,SEQ_DISTRIBUTION_TOP,sequence,SEQ_DISTRIBUTION_TOP
OPCH,2025-04-11,SEQ_DISTRIBUTION_TOP,sequence,SEQ_DISTRIBUTION_TOP
OPEN,2025-07-22,SEQ_DISTRIBUTION_TOP,sequence,SEQ_DISTRIBUTION_TOP
OPFI,2025-01-16,SEQ_DISTRIBUTION_TOP,sequence,SEQ_DISTRIBUTION_TOP
OPK,2025-03-06,SEQ_DISTRIBUTION_TOP,sequence,SEQ_DISTRIBUTION_TOP
OPRA,2025-09-19,SEQ_DISTRIBUTION_TOP,sequence,SEQ_DISTRIBUTION_TOP
OPRT,2025-02-19,SEQ_DISTRIBUTION_TOP,sequence,SEQ_DISTRIBUTION_TOP
OPRX,2024-12-06,SEQ_FAILED_ACCUM,sequence,SEQ_FAILED_ACCUM
OPRX,2025-08-11,SEQ_DISTRIBUTION_TOP,sequence,SEQ_DISTRIBUTION_TOP
OPTT,2025-10-07,SEQ_DISTRIBUTION_TOP,sequence,SEQ_DISTRIBUTION_TOP
OPTX,2025-07-25,SEQ_DISTRIBUTION_TOP,sequence,SEQ_DISTRIBUTION_TOP
OPTZ,2025-06-27,SEQ_DISTRIBUTION_TOP,sequence,SEQ_DISTRIBUTION_TOP
OPXS,2025-07-16,SEQ_DISTRIBUTION_TOP,sequence,SEQ_DISTRIBUTION_TOP
OPY,2024-12-04,SEQ_DISTRIBUTION_TOP,sequence,SEQ_DISTRIBUTION_TOP
OR,2024-06-13,SEQ_DISTRIBUTION_TOP,sequence,SEQ_DISTRIBUTION_TOP
ORA,2025-11-12,SEQ_DISTRIBUTION_TOP,sequence,SEQ_DISTRIBUTION_TOP
ORC,2025-02-03,SEQ_DISTRIBUTION_TOP,sequence,SEQ_DISTRIBUTION_TOP
ORCL,2024-03-11,SEQ_RECOVERY,sequence,SEQ_RECOVERY
ORCL,2025-06-17,SEQ_DISTRIBUTION_TOP,sequence,SEQ_DISTRIBUTION_TOP
ORCX,2025-06-16,SEQ_DISTRIBUTION_TOP,sequence,SEQ_DISTRIBUTION_TOP
ORGN,2025-10-16,SEQ_DISTRIBUTION_TOP,sequence,SEQ_DISTRIBUTION_TOP
ORGO,2025-03-03,SEQ_DISTRIBUTION_TOP,sequence,SEQ_DISTRIBUTION_TOP
ORIC,2025-10-07,SEQ_DISTRIBUTION_TOP,sequence,SEQ_DISTRIBUTION_TOP
ORIS,2025-05-14,SEQ_DISTRIBUTION_TOP,sequence,SEQ_DISTRIBUTION_TOP
ORKT,2025-12-09,SEQ_DISTRIBUTION_TOP,sequence,SEQ_DISTRIBUTION_TOP
ORLA,2025-10-17,SEQ_DISTRIBUTION_TOP,sequence,SEQ_DISTRIBUTION_TOP
ORLY,2025-04-04,SEQ_DISTRIBUTION_TOP,sequence,SEQ_DISTRIBUTION_TOP
ORMP,2025-12-17,SEQ_DISTRIBUTION_TOP,sequence,SEQ_DISTRIBUTION_TOP
ORN,2025-10-31,SEQ_DISTRIBUTION_TOP,sequence,SEQ_DISTRIBUTION_TOP
ORRF,2025-07-24,SEQ_DISTRIBUTION_TOP,sequence,SEQ_DISTRIBUTION_TOP
OS,2025-11-20,SEQ_DISTRIBUTION_TOP,sequence,SEQ_DISTRIBUTION_TOP
OSBC,2025-02-03,SEQ_DISTRIBUTION_TOP,sequence,SEQ_DISTRIBUTION_TOP
OSCR,2025-10-08,SEQ_DISTRIBUTION_TOP,sequence,SEQ_DISTRIBUTION_TOP
OSIS,2025-11-04,SEQ_DISTRIBUTION_TOP,sequence,SEQ_DISTRIBUTION_TOP
OSK,2025-06-23,SEQ_DISTRIBUTION_TOP,sequence,SEQ_DISTRIBUTION_TOP
OSS,2025-12-12,SEQ_DISTRIBUTION_TOP,sequence,SEQ_DISTRIBUTION_TOP
OST,2025-04-16,SEQ_DISTRIBUTION_TOP,sequence,SEQ_DISTRIBUTION_TOP
OSTX,2024-12-10,SEQ_RECOVERY,sequence,SEQ_RECOVERY
OSTX,2025-07-08,SEQ_DISTRIBUTION_TOP,sequence,SEQ_DISTRIBUTION_TOP
OSW,2025-02-20,SEQ_DISTRIBUTION_TOP,sequence,SEQ_DISTRIBUTION_TOP
OTEX,2025-08-11,SEQ_DISTRIBUTION_TOP,sequence,SEQ_DISTRIBUTION_TOP
OTIS,2024-06-18,SEQ_DISTRIBUTION_TOP,sequence,SEQ_DISTRIBUTION_TOP
OTLK,2025-08-15,SEQ_DISTRIBUTION_TOP,sequence,SEQ_DISTRIBUTION_TOP
OTLY,2025-08-07,SEQ_DISTRIBUTION_TOP,sequence,SEQ_DISTRIBUTION_TOP
OTTR,2025-11-20,SEQ_DISTRIBUTION_TOP,sequence,SEQ_DISTRIBUTION_TOP
OUST,2025-10-16,SEQ_DISTRIBUTION_TOP,sequence,SEQ_DISTRIBUTION_TOP
OUT,2025-11-17,SEQ_DISTRIBUTION_TOP,sequence,SEQ_DISTRIBUTION_TOP
OVB,2024-06-20,SEQ_DISTRIBUTION_TOP,sequence,SEQ_DISTRIBUTION_TOP
OVL,2024-04-12,SEQ_DISTRIBUTION_TOP,sequence,SEQ_DISTRIBUTION_TOP
OVLH,2025-04-21,SEQ_DISTRIBUTION_TOP,sequence,SEQ_DISTRIBUTION_TOP
OVLY,2025-12-19,SEQ_DISTRIBUTION_TOP,sequence,SEQ_DISTRIBUTION_TOP
OVS,2025-09-23,SEQ_DISTRIBUTION_TOP,sequence,SEQ_DISTRIBUTION_TOP
OVV,2024-03-04,SEQ_DISTRIBUTION_TOP,sequence,SEQ_DISTRIBUTION_TOP
OWL,2024-10-22,SEQ_DISTRIBUTION_TOP,sequence,SEQ_DISTRIBUTION_TOP
OWLT,2025-06-03,SEQ_DISTRIBUTION_TOP,sequence,SEQ_DISTRIBUTION_TOP
OWNB,2025-05-22,SEQ_DISTRIBUTION_TOP,sequence,SEQ_DISTRIBUTION_TOP
OXBR,2025-07-15,SEQ_DISTRIBUTION_TOP,sequence,SEQ_DISTRIBUTION_TOP
OXLC,2024-05-16,SEQ_DISTRIBUTION_TOP,sequence,SEQ_DISTRIBUTION_TOP
OXLCI,2025-11-11,SEQ_DISTRIBUTION_TOP,sequence,SEQ_DISTRIBUTION_TOP
OXLCL,2025-12-02,SEQ_DISTRIBUTION_TOP,sequence,SEQ_DISTRIBUTION_TOP
OXLCO,2025-08-18,SEQ_DISTRIBUTION_TOP,sequence,SEQ_DISTRIBUTION_TOP
OXLCZ,2024-11-21,SEQ_DISTRIBUTION_TOP,sequence,SEQ_DISTRIBUTION_TOP
OXM,2025-04-09,SEQ_FAILED_ACCUM,sequence,SEQ_FAILED_ACCUM
OXM,2025-09-12,SEQ_DISTRIBUTION_TOP,sequence,SEQ_DISTRIBUTION_TOP
OXSQ,2024-07-18,SEQ_DISTRIBUTION_TOP,sequence,SEQ_DISTRIBUTION_TOP
OXSQG,2025-01-28,SEQ_DISTRIBUTION_TOP,sequence,SEQ_DISTRIBUTION_TOP
OZK,2025-07-07,SEQ_DISTRIBUTION_TOP,sequence,SEQ_DISTRIBUTION_TOP
PAA,2025-01-31,SEQ_DISTRIBUTION_TOP,sequence,SEQ_DISTRIBUTION_TOP
PAAS,2025-12-12,SEQ_DISTRIBUTION_TOP,sequence,SEQ_DISTRIBUTION_TOP
PAB,2024-09-25,SEQ_DISTRIBUTION_TOP,sequence,SEQ_DISTRIBUTION_TOP
PABU,2025-10-07,SEQ_DISTRIBUTION_TOP,sequence,SEQ_DISTRIBUTION_TOP
PAC,2024-09-30,SEQ_DISTRIBUTION_TOP,sequence,SEQ_DISTRIBUTION_TOP
PACB,2025-11-26,SEQ_DISTRIBUTION_TOP,sequence,SEQ_DISTRIBUTION_TOP
PACK,2025-08-07,SEQ_DISTRIBUTION_TOP,sequence,SEQ_DISTRIBUTION_TOP
PACS,2025-12-02,SEQ_DISTRIBUTION_TOP,sequence,SEQ_DISTRIBUTION_TOP
PAG,2024-08-01,SEQ_DISTRIBUTION_TOP,sequence,SEQ_DISTRIBUTION_TOP
PAGP,2025-01-31,SEQ_DISTRIBUTION_TOP,sequence,SEQ_DISTRIBUTION_TOP
PAGS,2025-09-17,SEQ_DISTRIBUTION_TOP,sequence,SEQ_DISTRIBUTION_TOP
PAHC,2025-11-04,SEQ_DISTRIBUTION_TOP,sequence,SEQ_DISTRIBUTION_TOP
PAL,2025-11-13,SEQ_DISTRIBUTION_TOP,sequence,SEQ_DISTRIBUTION_TOP
PALD,2025-11-24,SEQ_DISTRIBUTION_TOP,sequence,SEQ_DISTRIBUTION_TOP
PALI,2025-07-24,SEQ_DISTRIBUTION_TOP,sequence,SEQ_DISTRIBUTION_TOP
PAM,2025-08-07,SEQ_DISTRIBUTION_TOP,sequence,SEQ_DISTRIBUTION_TOP
PAMT,2025-12-10,SEQ_RECOVERY,sequence,SEQ_RECOVERY
PANL,2025-11-11,SEQ_DISTRIBUTION_TOP,sequence,SEQ_DISTRIBUTION_TOP
PANW,2025-02-20,SEQ_DISTRIBUTION_TOP,sequence,SEQ_DISTRIBUTION_TOP
PAPI,2024-04-01,SEQ_DISTRIBUTION_TOP,sequence,SEQ_DISTRIBUTION_TOP
PAPL,2025-08-11,SEQ_DISTRIBUTION_TOP,sequence,SEQ_DISTRIBUTION_TOP
PAR,2025-11-17,SEQ_DISTRIBUTION_TOP,sequence,SEQ_DISTRIBUTION_TOP
PASG,2025-11-13,SEQ_DISTRIBUTION_TOP,sequence,SEQ_DISTRIBUTION_TOP
PATH,2025-12-15,SEQ_DISTRIBUTION_TOP,sequence,SEQ_DISTRIBUTION_TOP
PATK,2025-08-14,SEQ_DISTRIBUTION_TOP,sequence,SEQ_DISTRIBUTION_TOP
PATN,2025-06-30,SEQ_DISTRIBUTION_TOP,sequence,SEQ_DISTRIBUTION_TOP
PAVE,2024-11-12,SEQ_DISTRIBUTION_TOP,sequence,SEQ_DISTRIBUTION_TOP
PAVM,2025-10-14,SEQ_DISTRIBUTION_TOP,sequence,SEQ_DISTRIBUTION_TOP
PAVS,2025-12-01,SEQ_DISTRIBUTION_TOP,sequence,SEQ_DISTRIBUTION_TOP
PAY,2025-11-12,SEQ_DISTRIBUTION_TOP,sequence,SEQ_DISTRIBUTION_TOP
PAYC,2025-03-06,SEQ_DISTRIBUTION_TOP,sequence,SEQ_DISTRIBUTION_TOP
PAYO,2024-11-11,SEQ_DISTRIBUTION_TOP,sequence,SEQ_DISTRIBUTION_TOP
PAYS,2025-06-03,SEQ_DISTRIBUTION_TOP,sequence,SEQ_DISTRIBUTION_TOP
PB,2024-08-07,SEQ_DISTRIBUTION_TOP,sequence,SEQ_DISTRIBUTION_TOP
PBA,2025-10-06,SEQ_DISTRIBUTION_TOP,sequence,SEQ_DISTRIBUTION_TOP
PBAP,2025-09-17,SEQ_DISTRIBUTION_TOP,sequence,SEQ_DISTRIBUTION_TOP
PBAU,2024-11-01,SEQ_DISTRIBUTION_TOP,sequence,SEQ_DISTRIBUTION_TOP
PBBK,2025-09-04,SEQ_DISTRIBUTION_TOP,sequence,SEQ_DISTRIBUTION_TOP
PBDE,2025-04-09,SEQ_RECOVERY,sequence,SEQ_RECOVERY
PBE,2024-07-17,SEQ_DISTRIBUTION_TOP,sequence,SEQ_DISTRIBUTION_TOP
PBF,2025-09-10,SEQ_DISTRIBUTION_TOP,sequence,SEQ_DISTRIBUTION_TOP
PBFB,2025-12-17,SEQ_DISTRIBUTION_TOP,sequence,SEQ_DISTRIBUTION_TOP
PBFS,2025-12-22,SEQ_DISTRIBUTION_TOP,sequence,SEQ_DISTRIBUTION_TOP
PBH,2025-02-27,SEQ_DISTRIBUTION_TOP,sequence,SEQ_DISTRIBUTION_TOP
PBHC,2025-05-23,SEQ_DISTRIBUTION_TOP,sequence,SEQ_DISTRIBUTION_TOP
PBI,2025-07-15,SEQ_DISTRIBUTION_TOP,sequence,SEQ_DISTRIBUTION_TOP
PBJ,2025-04-10,SEQ_DISTRIBUTION_TOP,sequence,SEQ_DISTRIBUTION_TOP
PBJA,2025-08-01,SEQ_DISTRIBUTION_TOP,sequence,SEQ_DISTRIBUTION_TOP
